date,state,positive,probableCases,negative,pending,totalTestResultsSource,totalTestResults,hospitalizedCurrently,hospitalizedCumulative,inIcuCurrently,inIcuCumulative,onVentilatorCurrently,onVentilatorCumulative,recovered,lastUpdateEt,dateModified,checkTimeEt,death,hospitalized,hospitalizedDischarged,dateChecked,totalTestsViral,positiveTestsViral,negativeTestsViral,positiveCasesViral,deathConfirmed,deathProbable,totalTestEncountersViral,totalTestsPeopleViral,totalTestsAntibody,positiveTestsAntibody,negativeTestsAntibody,totalTestsPeopleAntibody,positiveTestsPeopleAntibody,negativeTestsPeopleAntibody,totalTestsPeopleAntigen,positiveTestsPeopleAntigen,totalTestsAntigen,positiveTestsAntigen,fips,positiveIncrease,negativeIncrease,total,totalTestResultsIncrease,posNeg,dataQualityGrade,deathIncrease,hospitalizedIncrease,hash,commercialScore,negativeRegularScore,negativeScore,positiveScore,score,grade
20210307,NC,872176,112559,,,totalTestsViral,9688838,1179,,309,,,,,3/6/2021 11:35,2021-03-06T11:35:00Z,03/06 06:35,11502,,819839,2021-03-06T11:35:00Z,9688838,,,759617,10169,1333,,,,,,,,,,,805924,,37,0,0,872176,0,872176,,0,0,d9ca67dd72ba6f8a8506ebb734fd25b0b8067608,0,0,0,0,0,
20210306,NC,872176,112559,,,totalTestsViral,9688838,1179,,309,,,,,3/6/2021 11:35,2021-03-06T11:35:00Z,03/06 06:35,11502,,819839,2021-03-06T11:35:00Z,9688838,,,759617,10169,1333,,,,,,,,,,,805924,,37,2027,0,872176,38654,872176,,56,0,83cf01f626a4f35bd6237b6d93e3f6f424c885af,0,0,0,0,0,
20210305,NC,870149,112034,,,totalTestsViral,9650184,1226,,314,,,,,3/5/2021 12:25,2021-03-05T12:25:00Z,03/05 07:25,11446,,819839,2021-03-05T12:25:00Z,9650184,,,758115,10125,1321,,,,,,,,,,,798257,,37,2093,0,870149,44487,870149,,47,0,b157a3fac47530dbec303f1abb8811fdf809b2c0,0,0,0,0,0,
20210304,NC,868056,111547,,,totalTestsViral,9605697,1290,,326,,,,,3/4/2021 14:25,2021-03-04T14:25:00Z,03/04 09:25,11399,,819839,2021-03-04T14:25:00Z,9605697,,,756509,10083,1316,,,,,,,,,,,790416,,37,2502,0,868056,44050,868056,,36,0,b0e0b0510f722eb05aa86e35d1a4b736d9b2f80b,0,0,0,0,0,
20210303,NC,865554,110944,,,totalTestsViral,9561647,1303,,332,,,,,3/3/2021 12:25,2021-03-03T12:25:00Z,03/03 07:25,11363,,819839,2021-03-03T12:25:00Z,9561647,,,754610,10050,1313,,,,,,,,,,,779652,,37,2145,0,865554,19976,865554,,75,0,ed7883b95bc3197feaa256f83f1cd4090f854fcf,0,0,0,0,0,
20210302,NC,863409,110129,,,totalTestsViral,9541671,1353,,334,,,,,3/2/2021 13:00,2021-03-02T13:00:00Z,03/02 08:00,11288,,819839,2021-03-02T13:00:00Z,9541671,,,753280,9987,1301,,,,,,,,,,,770210,,37,1239,0,863409,16397,863409,,34,0,3c1b6e5db11caad989fa709222f0497ac501a42a,0,0,0,0,0,
20210301,NC,862170,109764,,,totalTestsViral,9525274,1319,,333,,,,,3/1/2021 13:10,2021-03-01T13:10:00Z,03/01 08:10,11254,,819839,2021-03-01T13:10:00Z,9525274,,,752406,9959,1295,,,,,,,,,,,766208,,37,3622,0,862170,25289,862170,,42,0,cc0e0a8d7c76f1108f6975f161e0b7bf9129abfc,0,0,0,0,0,
20210228,NC,858548,109160,,,totalTestsViral,9499985,1414,,348,,,,,2/27/2021 12:00,2021-02-27T12:00:00Z,02/27 07:00,11212,,795521,2021-02-27T12:00:00Z,9499985,,,749388,9922,1290,,,,,,,,,,,759541,,37,0,0,858548,36576,858548,,0,0,5d765d052a8183e7a4f30d983aa955509f57fbb5,0,0,0,0,0,
20210227,NC,858548,109160,,,totalTestsViral,9463409,1414,,348,,,,,2/27/2021 12:00,2021-02-27T12:00:00Z,02/27 07:00,11212,,795521,2021-02-27T12:00:00Z,9463409,,,749388,9922,1290,,,,,,,,,,,759541,,37,2643,0,858548,40943,858548,,26,0,9dcf9b841620b85e2fefe98adb2b21b35361a9a8,0,0,0,0,0,
20210226,NC,855905,108520,,,totalTestsViral,9422466,1465,,367,,,,,2/26/2021 11:40,2021-02-26T11:40:00Z,02/26 06:40,11186,,795521,2021-02-26T11:40:00Z,9422466,,,747385,9897,1289,,,,,,,,,,,749095,,37,2924,0,855905,60691,855905,,49,0,b1113476bac79b2df443ba1229c2d547d26a4783,0,0,0,0,0,
20210225,NC,852981,107767,,,totalTestsViral,9361775,1498,,373,,,,,2/25/2021 12:30,2021-02-25T12:30:00Z,02/25 07:30,11137,,795521,2021-02-25T12:30:00Z,9361775,,,745214,9856,1281,,,,,,,,,,,741362,,37,3351,0,852981,51032,852981,,63,0,9f58fc46fab147f9453c13bc8d21fc2bac07c251,0,0,0,0,0,
20210224,NC,849630,106864,,,totalTestsViral,9310743,1530,,380,,,,,2/24/2021 11:45,2021-02-24T11:45:00Z,02/24 06:45,11074,,795521,2021-02-24T11:45:00Z,9310743,,,742766,9804,1270,,,,,,,,,,,729784,,37,3346,0,849630,27606,849630,,109,0,28ecc2b4cc8c7c3143e8b87c450c5cc2e5c5dd5e,0,0,0,0,0,
20210223,NC,846284,105512,,,totalTestsViral,9283137,1563,,384,,,,,2/23/2021 13:05,2021-02-23T13:05:00Z,02/23 08:05,10965,,795521,2021-02-23T13:05:00Z,9283137,,,740772,9718,1247,,,,,,,,,,,718636,,37,1514,0,846284,20738,846284,,31,0,c07d2e63ec5fdfba17382afa2059edaf3f879d86,0,0,0,0,0,
20210222,NC,844770,105002,,,totalTestsViral,9262399,1567,,383,,,,,2/22/2021 12:25,2021-02-22T12:25:00Z,02/22 07:25,10934,,795521,2021-02-22T12:25:00Z,9262399,,,739768,9691,1243,,,,,,,,,,,714035,,37,2133,0,844770,35699,844770,,8,0,dd66511566dd6aed832b61585fb2bceaf960d385,0,0,0,0,0,
20210221,NC,842637,104645,,,totalTestsViral,9226700,1647,,402,,,,,2/21/2021 11:10,2021-02-21T11:10:00Z,02/21 06:10,10926,,765456,2021-02-21T11:10:00Z,9226700,,,737992,9683,1243,,,,,,,,,,,710973,,37,2541,0,842637,34955,842637,,30,0,ea51a722636e5a9bc711cec271169750675a847b,0,0,0,0,0,
20210220,NC,840096,104217,,,totalTestsViral,9191745,1708,,409,,,,,2/20/2021 11:45,2021-02-20T11:45:00Z,02/20 06:45,10896,,765456,2021-02-20T11:45:00Z,9191745,,,735879,9655,1241,,,,,,,,,,,704644,,37,3446,0,840096,41747,840096,,76,0,c4c9e21136dd03dac91da921d076d60246f59319,0,0,0,0,0,
20210219,NC,836650,102686,,,totalTestsViral,9149998,1780,,411,,,,,2/19/2021 11:45,2021-02-19T11:45:00Z,02/19 06:45,10820,,765456,2021-02-19T11:45:00Z,9149998,,,733964,9595,1225,,,,,,,,,,,686193,,37,3227,0,836650,44322,836650,,54,0,2fcdef11f7ed4e06480da6718f128735f30fdc0e,0,0,0,0,0,
20210218,NC,833423,101828,,,totalTestsViral,9105676,1892,,436,,,,,2/18/2021 12:40,2021-02-18T12:40:00Z,02/18 07:40,10766,,765456,2021-02-18T12:40:00Z,9105676,,,731595,9554,1212,,,,,,,,,,,678996,,37,3916,0,833423,47256,833423,,96,0,0fb6591e0b4b896ac2e661d2f5c3c83d5166a26e,0,0,0,0,0,
20210217,NC,829507,100731,,,totalTestsViral,9058420,1954,,446,,,,,2/17/2021 12:45,2021-02-17T12:45:00Z,02/17 07:45,10670,,765456,2021-02-17T12:45:00Z,9058420,,,728776,9482,1188,,,,,,,,,,,669667,,37,3167,0,829507,22102,829507,,108,0,6ccb61972964b78007b460e438fcc64232f27b7b,0,0,0,0,0,
20210216,NC,826340,99579,,,totalTestsViral,9036318,1958,,473,,,,,2/16/2021 12:25,2021-02-16T12:25:00Z,02/16 07:25,10562,,765456,2021-02-16T12:25:00Z,9036318,,,726761,9392,1170,,,,,,,,,,,662764,,37,1988,0,826340,21872,826340,,61,0,446abaa9f22e1fdecec809e0c7bfe590fc2d972d,0,0,0,0,0,
20210215,NC,824352,98967,,,totalTestsViral,9014446,1941,,471,,,,,2/15/2021 12:00,2021-02-15T12:00:00Z,02/15 07:00,10501,,765456,2021-02-15T12:00:00Z,9014446,,,725385,9345,1156,,,,,,,,,,,657215,,37,2458,0,824352,31628,824352,,10,0,d4acdf896b9ce3e8e712dc39bd18c0714cc0af85,0,0,0,0,0,
20210214,NC,821894,98732,,,totalTestsViral,8982818,1989,,481,,,,,2/14/2021 11:20,2021-02-14T11:20:00Z,02/14 06:20,10491,,730454,2021-02-14T11:20:00Z,8982818,,,723162,9337,1154,,,,,,,,,,,653807,,37,3170,0,821894,46585,821894,,38,0,7add780b2b086caadfc291f82cec27c97962683a,0,0,0,0,0,
20210213,NC,818724,98271,,,totalTestsViral,8936233,2101,,496,,,,,2/13/2021 11:40,2021-02-13T11:40:00Z,02/13 06:40,10453,,730454,2021-02-13T11:40:00Z,8936233,,,720453,9306,1147,,,,,,,,,,,649506,,37,4130,0,818724,46903,818724,,77,0,dce432ae2add72ea73e9eb52e6df78cabf1005ba,0,0,0,0,0,
20210212,NC,814594,97096,,,totalTestsViral,8889330,2151,,506,,,,,2/12/2021 11:35,2021-02-12T11:35:00Z,02/12 06:35,10376,,730454,2021-02-12T11:35:00Z,8889330,,,717498,9254,1122,,,,,,,,,,,639481,,37,4128,0,814594,60115,814594,,82,0,387c2737a81ce34aad06a5ac33f10ffef368ed2c,0,0,0,0,0,
20210211,NC,810466,96454,,,totalTestsViral,8829215,2185,,516,,,,,2/11/2021 11:20,2021-02-11T11:20:00Z,02/11 06:20,10294,,730454,2021-02-11T11:20:00Z,8829215,,,714012,9189,1105,,,,,,,,,,,632433,,37,4568,0,810466,55752,810466,,113,0,c9d2099492c8cc2f5d84b84e3b28e1f5f1a29202,0,0,0,0,0,
20210210,NC,805898,95245,,,totalTestsViral,8773463,2291,,540,,,,,2/10/2021 11:45,2021-02-10T11:45:00Z,02/10 06:45,10181,,730454,2021-02-10T11:45:00Z,8773463,,,710653,9107,1074,,,,,,,,,,,618482,,37,3833,0,805898,29670,805898,,135,0,b61c99394250c51b474a864a792d34ce72572a46,0,0,0,0,0,
20210209,NC,802065,93900,,,totalTestsViral,8743793,2374,,558,,,,,2/9/2021 13:12,2021-02-09T13:12:00Z,02/09 08:12,10046,,730454,2021-02-09T13:12:00Z,8743793,,,708165,9002,1044,,,,,,,,,,,612328,,37,2786,0,802065,24241,802065,,55,0,8fe2c160e29bf5b14b40ca7c99d55e7fd52d9e38,0,0,0,0,0,
20210208,NC,799279,93329,,,totalTestsViral,8719552,2339,,559,,,,,2/8/2021 11:50,2021-02-08T11:50:00Z,02/08 06:50,9991,,730454,2021-02-08T11:50:00Z,8719552,,,705950,8958,1033,,,,,,,,,,,607292,,37,3084,0,799279,40452,799279,,8,0,6575304a4a8476a239d03c049fb418c3863d3cfa,0,0,0,0,0,
20210207,NC,796195,92951,,,totalTestsViral,8679100,2378,,584,,,,,2/7/2021 11:00,2021-02-07T11:00:00Z,02/07 06:00,9983,,683697,2021-02-07T11:00:00Z,8679100,,,703244,8951,1032,,,,,,,,,,,602161,,37,4674,0,796195,52994,796195,,57,0,ef7c00b6eaef84eba3d7ce8774134600a980cc6c,0,0,0,0,0,
20210206,NC,791521,92200,,,totalTestsViral,8626106,2468,,591,,,,,2/6/2021 11:00,2021-02-06T11:00:00Z,02/06 06:00,9926,,683697,2021-02-06T11:00:00Z,8626106,,,699321,8901,1025,,,,,,,,,,,598343,,37,4172,0,791521,54563,791521,,85,0,564a629cede9f8642457e3d28721c9aba0aaf8f2,0,0,0,0,0,
20210205,NC,787349,91253,,,totalTestsViral,8571543,2523,,599,,,,,2/5/2021 12:45,2021-02-05T12:45:00Z,02/05 07:45,9841,,683697,2021-02-05T12:45:00Z,8571543,,,696096,8838,1003,,,,,,,,,,,590881,,37,5547,0,787349,60695,787349,,113,0,86c04edfca7bafc1ae843bf4ecaf6c61eb0847d0,0,0,0,0,0,
20210204,NC,781802,89792,,,totalTestsViral,8510848,2630,,630,,,,,2/4/2021 14:40,2021-02-04T14:40:00Z,02/04 09:40,9728,,683697,2021-02-04T14:40:00Z,8510848,,,692010,8753,975,,,,,,,,,,,580959,,37,5495,0,781802,58946,781802,,150,0,7dd7cd52c0355c3faeac278ba7c6c18cfd08b07e,0,0,0,0,0,
20210203,NC,776307,88557,,,totalTestsViral,8451902,2706,,635,,,,,2/3/2021 12:30,2021-02-03T12:30:00Z,02/03 07:30,9578,,683697,2021-02-03T12:30:00Z,8451902,,,687750,8630,948,,,,,,,,,,,571413,,37,12079,0,776307,29042,776307,,169,0,4856e2f00195bd5559c1206861a2f7b6d8cc6852,0,0,0,0,0,
20210202,NC,764228,81502,,,totalTestsViral,8422860,2741,,645,,,,,2/2/2021 11:15,2021-02-02T11:15:00Z,02/02 06:15,9409,,683697,2021-02-02T11:15:00Z,8422860,,,682726,8503,906,,,,,,,,,,,527866,,37,2926,0,764228,21451,764228,,67,0,44804293110e4c7964b56e992ee92baa58c751e2,0,0,0,0,0,
20210201,NC,761302,80856,,,totalTestsViral,8401409,2781,,636,,,,,2/1/2021 11:45,2021-02-01T11:45:00Z,02/01 06:45,9342,,683697,2021-02-01T11:45:00Z,8401409,,,680446,8448,894,,,,,,,,,,,524653,,37,3776,0,761302,45291,761302,,7,0,d4233913626715212f3af75753feb7abe691abcb,0,0,0,0,0,
20210131,NC,757526,80553,,,totalTestsViral,8356118,2782,,635,,,,,1/31/2021 12:45,2021-01-31T12:45:00Z,01/31 07:45,9335,,635543,2021-01-31T12:45:00Z,8356118,,,676973,8442,893,,,,,,,,,,,522474,,37,4899,0,757526,56855,757526,,48,0,8fe06b45140c8e17c272afcf6c10777a6c97bc1d,0,0,0,0,0,
20210130,NC,752627,79853,,,totalTestsViral,8299263,2883,,651,,,,,1/30/2021 11:45,2021-01-30T11:45:00Z,01/30 06:45,9287,,635543,2021-01-30T11:45:00Z,8299263,,,672774,8404,883,,,,,,,,,,,517276,,37,6168,0,752627,55755,752627,,130,0,747ad28149324ff258a9a4275f8d3e8369e44360,0,0,0,0,0,
20210129,NC,746459,78623,,,totalTestsViral,8243508,3048,,644,,,,,1/29/2021 12:25,2021-01-29T12:25:00Z,01/29 07:25,9157,,635543,2021-01-29T12:25:00Z,8243508,,,667836,8303,854,,,,,,,,,,,507604,,37,6959,0,746459,70192,746459,,111,0,7ca81b2c9e5ade957716315a5723841c8ff17950,0,0,0,0,0,
20210128,NC,739500,77314,,,totalTestsViral,8173316,3238,,660,,,,,1/28/2021 12:50,2021-01-28T12:50:00Z,01/28 07:50,9046,,635543,2021-01-28T12:50:00Z,8173316,,,662186,8213,833,,,,,,,,,,,500469,,37,6490,0,739500,62431,739500,,131,0,03c552afe0a913b9e699f6a62bc9d798a1a9c95d,0,0,0,0,0,
20210127,NC,733010,75972,,,totalTestsViral,8110885,3305,,676,,,,,1/27/2021 11:05,2021-01-27T11:05:00Z,01/27 06:05,8915,,635543,2021-01-27T11:05:00Z,8110885,,,657038,8120,795,,,,,,,,,,,492898,,37,5587,0,733010,35058,733010,,139,0,8a2d912bf353f33777071839815f68056e1ca1c8,0,0,0,0,0,
20210126,NC,727423,74430,,,totalTestsViral,8075827,3368,,696,,,,,1/26/2021 12:45,2021-01-26T12:45:00Z,01/26 07:45,8776,,635543,2021-01-26T12:45:00Z,8075827,,,652993,8005,771,,,,,,,,,,,483594,,37,3978,0,727423,24820,727423,,56,0,b31886bf8bc0d3aadcca1dd368c856f7fe315267,0,0,0,0,0,
20210125,NC,723445,73581,,,totalTestsViral,8051007,3287,,703,,,,,1/25/2021 11:45,2021-01-25T11:45:00Z,01/25 06:45,8720,,635543,2021-01-25T11:45:00Z,8051007,,,649864,7964,756,,,,,,,,,,,477337,,37,4633,0,723445,50620,723445,,25,0,a758475ba60b5a36355a810193ca3f8f6cc528bc,0,0,0,0,0,
20210124,NC,718812,73253,,,totalTestsViral,8000387,3303,,713,,,,,1/24/2021 12:00,2021-01-24T12:00:00Z,01/24 07:00,8695,,579573,2021-01-24T12:00:00Z,8000387,,,645559,7942,753,,,,,,,,,,,475269,,37,6096,0,718812,55905,718812,,109,0,550149111be19dec15d879b496ea93c597bd3a50,0,0,0,0,0,
20210123,NC,712716,72280,,,totalTestsViral,7944482,3416,,736,,,,,1/23/2021 11:00,2021-01-23T11:00:00Z,01/23 06:00,8586,,579573,2021-01-23T11:00:00Z,7944482,,,640436,7858,728,,,,,,,,,,,470849,,37,7181,0,712716,56090,712716,,122,0,a8ec15863b4e7d1541f95f1df06b740954ff102c,0,0,0,0,0,
20210122,NC,705535,70942,,,totalTestsViral,7888392,3512,,752,,,,,1/22/2021 11:15,2021-01-22T11:15:00Z,01/22 06:15,8464,,579573,2021-01-22T11:15:00Z,7888392,,,634593,7756,708,,,,,,,,,,,460479,,37,7436,0,705535,69854,705535,,125,0,9298fa1be8c3492403b4b6ff9045f293b31b3560,0,0,0,0,0,
20210121,NC,698099,69537,,,totalTestsViral,7818538,3666,,780,,,,,1/21/2021 12:10,2021-01-21T12:10:00Z,01/21 07:10,8339,,579573,2021-01-21T12:10:00Z,7818538,,,628562,7663,676,,,,,,,,,,,449888,,37,7187,0,698099,56443,698099,,139,0,c22c73dbf7e3071901289df19637190b4051962b,0,0,0,0,0,
20210120,NC,690912,68055,,,totalTestsViral,7762095,3740,,803,,,,,1/20/2021 11:00,2021-01-20T11:00:00Z,01/20 06:00,8200,,579573,2021-01-20T11:00:00Z,7762095,,,622857,7542,658,,,,,,,,,,,438994,,37,6415,0,690912,37882,690912,,61,0,1068f8a274d069aaffb22132b1415a20d8f8ee15,0,0,0,0,0,
20210119,NC,684497,65927,,,totalTestsViral,7724213,3881,,861,,,,,1/19/2021 12:00,2021-01-19T12:00:00Z,01/19 07:00,8139,,579573,2021-01-19T12:00:00Z,7724213,,,618570,7495,644,,,,,,,,,,,426781,,37,9860,0,684497,31361,684497,,56,0,b6bfbb74a899a80780c1b317079e51a832c025fc,0,0,0,0,0,
20210118,NC,674637,65004,,,totalTestsViral,7692852,3862,,863,,,,,1/17/2021 10:55,2021-01-17T10:55:00Z,01/17 05:55,8083,,521475,2021-01-17T10:55:00Z,7692852,,,609633,7446,637,,,,,,,,,,,422577,,37,0,0,674637,55844,674637,,0,0,d7f145208c99a3b03e34c35eea8454f5a9979e1b,0,0,0,0,0,
20210117,NC,674637,65004,,,totalTestsViral,7637008,3862,,863,,,,,1/17/2021 10:55,2021-01-17T10:55:00Z,01/17 05:55,8083,,521475,2021-01-17T10:55:00Z,7637008,,,609633,7446,637,,,,,,,,,,,422577,,37,6811,0,674637,69833,674637,,67,0,230415d16488b7966add8488bb849d82e5412113,0,0,0,0,0,
20210116,NC,667826,64144,,,totalTestsViral,7567175,3895,,880,,,,,1/16/2021 11:05,2021-01-16T11:05:00Z,01/16 06:05,8016,,521475,2021-01-16T11:05:00Z,7567175,,,603682,7384,632,,,,,,,,,,,417786,,37,7986,0,667826,71081,667826,,83,0,9911381e9a0b994e64979f2b2d77e759dff0bd23,0,0,0,0,0,
20210115,NC,659840,63070,,,totalTestsViral,7496094,3916,,861,,,,,1/15/2021 11:00,2021-01-15T11:00:00Z,01/15 06:00,7933,,521475,2021-01-15T11:00:00Z,7496094,,,596770,7323,610,,,,,,,,,,,408021,,37,8914,0,659840,69928,659840,,108,0,13ede05e1f283dd0d941f687440f7c027e47b0b2,0,0,0,0,0,
20210114,NC,650926,61661,,,totalTestsViral,7426166,3990,,858,,,,,1/14/2021 11:45,2021-01-14T11:45:00Z,01/14 06:45,7825,,521475,2021-01-14T11:45:00Z,7426166,,,589265,7230,595,,,,,,,,,,,398903,,37,9853,0,650926,68243,650926,,80,0,bc86249b6d5eda96fd50e69169161ed589a6d0e4,0,0,0,0,0,
20210113,NC,641073,59742,,,totalTestsViral,7357923,3951,,848,,,,,1/13/2021 11:45,2021-01-13T11:45:00Z,01/13 06:45,7745,,521475,2021-01-13T11:45:00Z,7357923,,,581331,7167,578,,,,,,,,,,,388038,,37,5098,0,641073,41106,641073,,107,0,902736a20b863e6f510b259a3c52fdc893b709e2,0,0,0,0,0,
20210112,NC,635975,58103,,,totalTestsViral,7316817,3940,,839,,,,,1/12/2021 11:40,2021-01-12T11:40:00Z,01/12 06:40,7638,,521475,2021-01-12T11:40:00Z,7316817,,,577872,7080,558,,,,,,,,,,,376857,,37,6851,0,635975,30153,635975,,60,0,08fa7a7316585c3c71727732700eb3ebe5125925,0,0,0,0,0,
20210111,NC,629124,57366,,,totalTestsViral,7286664,3843,,811,,,,,1/11/2021 12:15,2021-01-11T12:15:00Z,01/11 07:15,7578,,521475,2021-01-11T12:15:00Z,7286664,,,571758,7031,547,,,,,,,,,,,372216,,37,5936,0,629124,59826,629124,,11,0,7b5c0677a4c3b69394e3926cc79d0c806ce1414a,0,0,0,0,0,
20210110,NC,623188,57013,,,totalTestsViral,7226838,3774,,790,,,,,1/10/2021 11:00,2021-01-10T11:00:00Z,01/10 06:00,7567,,487090,2021-01-10T11:00:00Z,7226838,,,566175,7021,546,,,,,,,,,,,312430,,37,8833,0,623188,67844,623188,,142,0,c0a23676035d19b005c3eb50af1cd7ecb3bf70ef,0,0,0,0,0,
20210109,NC,614355,56062,,,totalTestsViral,7158994,3871,,834,,,,,1/9/2021 10:50,2021-01-09T10:50:00Z,01/09 05:50,7425,,487090,2021-01-09T10:50:00Z,7158994,,,558293,6901,524,,,,,,,,,,,309520,,37,11581,0,614355,65774,614355,,97,0,72e3eb00d110aeb760a1a76011d376983a7367bc,0,0,0,0,0,
20210108,NC,602774,54641,,,totalTestsViral,7093220,3960,,833,,,,,1/8/2021 11:00,2021-01-08T11:00:00Z,01/08 06:00,7328,,487090,2021-01-08T11:00:00Z,7093220,,,548133,6821,507,,,,,,,,,,,302335,,37,10028,0,602774,73607,602774,,115,0,a2375ee115e30a96145659a3cd5d6533bec0e023,0,0,0,0,0,
20210107,NC,592746,53202,,,totalTestsViral,7019613,3960,,826,,,,,1/7/2021 11:00,2021-01-07T11:00:00Z,01/07 06:00,7213,,487090,2021-01-07T11:00:00Z,7019613,,,539544,6727,486,,,,,,,,,,,295778,,37,10398,0,592746,64054,592746,,137,0,3c7180317e88374cd85d32ca53d18101485e34b9,0,0,0,0,0,
20210106,NC,582348,51518,,,totalTestsViral,6955559,3893,,823,,,,,1/6/2021 11:40,2021-01-06T11:40:00Z,01/06 06:40,7076,,487090,2021-01-06T11:40:00Z,6955559,,,530830,6615,461,,,,,,,,,,,288492,,37,6952,0,582348,40448,582348,,80,0,92e4f5905897c79cef1b05f299732e647c59ae2f,0,0,0,0,0,
20210105,NC,575396,49583,,,totalTestsViral,6915111,3781,,813,,,,,1/5/2021 12:55,2021-01-05T12:55:00Z,01/05 07:55,6996,,487090,2021-01-05T12:55:00Z,6915111,,,525813,6552,444,,,,,,,,,,,278875,,37,5285,0,575396,24539,575396,,55,0,31d700f3defe66a1d149b7beefc687bf596bb13e,0,0,0,0,0,
20210104,NC,570111,48685,,,totalTestsViral,6890572,3635,,783,,,,,1/4/2021 11:45,2021-01-04T11:45:00Z,01/04 06:45,6941,,487090,2021-01-04T11:45:00Z,6890572,,,521426,6509,432,,,,,,,,,,,275518,,37,5187,0,570111,37920,570111,,31,0,b5852f37a299e77ef635bfeb5013d5276aed5990,0,0,0,0,0,
20210103,NC,564924,48267,,,totalTestsViral,6852652,3576,,776,,,,,1/3/2021 11:55,2021-01-03T11:55:00Z,01/03 06:55,6910,,403488,2021-01-03T11:55:00Z,6852652,,,516657,6482,428,,,,,,,,,,,274061,,37,6487,0,564924,45161,564924,,18,0,21c87256d486bdad67650f1d5154925865e4f198,0,0,0,0,0,
20210102,NC,558437,47922,,,totalTestsViral,6807491,3479,,783,,,,,1/2/2021 12:25,2021-01-02T12:25:00Z,01/02 07:25,6892,,403488,2021-01-02T12:25:00Z,6807491,,,510515,6467,425,,,,,,,,,,,272296,,37,18892,0,558437,66243,558437,,144,0,9013eda237300a8cccaa5324a37e39f99d3cf5a9,0,0,0,0,0,
20210101,NC,539545,45594,,,totalTestsViral,6741248,3472,,774,,,,,12/31/2020 11:55,2020-12-31T11:55:00Z,12/31 06:55,6748,,403488,2020-12-31T11:55:00Z,6741248,,,493951,6342,406,,,,,,,,,,,262773,,37,0,0,539545,72923,539545,,0,0,ef78e339d35030282bf25f864b6f7f1d218ee9da,0,0,0,0,0,
20201231,NC,539545,45594,,,totalTestsViral,6668325,3472,,774,,,,,12/31/2020 11:55,2020-12-31T11:55:00Z,12/31 06:55,6748,,403488,2020-12-31T11:55:00Z,6668325,,,493951,6342,406,,,,,,,,,,,262773,,37,6715,0,539545,59022,539545,,19,0,d26654ad2977362b471e654c21f7d76342b7bd95,0,0,0,0,0,
20201230,NC,532830,44863,,,totalTestsViral,6609303,3339,,768,,,,,12/30/2020 13:25,2020-12-30T13:25:00Z,12/30 08:25,6729,,403488,2020-12-30T13:25:00Z,6609303,,,487967,6325,404,,,,,,,,,,,256286,,37,8551,0,532830,30528,532830,,155,0,294058ab88192410a6c974977d55e6bd6e3f71ca,0,0,0,0,0,
20201229,NC,524279,42614,,,totalTestsViral,6578775,3377,,761,,,,,12/29/2020 12:25,2020-12-29T12:25:00Z,12/29 07:25,6574,,403488,2020-12-29T12:25:00Z,6578775,,,481665,6199,375,,,,,,,,,,,249893,,37,3563,0,524279,19697,524279,,13,0,872f7abda4e9a066cbda31acfc8069fbd8871a40,0,0,0,0,0,
20201228,NC,520716,42002,,,totalTestsViral,6559078,3192,,733,,,,,12/28/2020 11:55,2020-12-28T11:55:00Z,12/28 06:55,6561,,403488,2020-12-28T11:55:00Z,6559078,,,478714,6186,375,,,,,,,,,,,247223,,37,3888,0,520716,17302,520716,,12,0,2d51923a67656597f76cdd3f70978fd08ce66a2c,0,0,0,0,0,
20201227,NC,516828,41559,,,totalTestsViral,6541776,3123,,721,,,,,12/27/2020 12:55,2020-12-27T12:55:00Z,12/27 07:55,6549,,403488,2020-12-27T12:55:00Z,6541776,,,475269,6176,373,,,,,,,,,,,245762,,37,2898,0,516828,35786,516828,,23,0,a675d762ca37234bccc7a947d06a9128b32fbda9,0,0,0,0,0,
20201226,NC,513930,41442,,,totalTestsViral,6505990,3023,,714,,,,,12/26/2020 13:15,2020-12-26T13:15:00Z,12/26 08:15,6526,,403488,2020-12-26T13:15:00Z,6505990,,,472488,6154,372,,,,,,,,,,,245322,,37,19419,0,513930,53246,513930,,166,0,49eb36f8f09ce6bf1d47925e04b12caa1b1fbca0,0,0,0,0,0,
20201225,NC,494511,39042,,,totalTestsViral,6452744,3043,,696,,,,,12/23/2020 12:00,2020-12-23T12:00:00Z,12/23 07:00,6360,,403488,2020-12-23T12:00:00Z,6452744,,,455469,6029,331,,,,,,,,,,,230958,,37,0,0,494511,76094,494511,,0,0,6bf346692995097f01bc7ae3903a57a7972c4b49,0,0,0,0,0,
20201224,NC,494511,39042,,,totalTestsViral,6376650,3043,,696,,,,,12/23/2020 12:00,2020-12-23T12:00:00Z,12/23 07:00,6360,,403488,2020-12-23T12:00:00Z,6376650,,,455469,6029,331,,,,,,,,,,,230958,,37,0,0,494511,57913,494511,,0,0,1fe0768c33c2886d3cb8fddd9c111d582dd0357e,0,0,0,0,0,
20201223,NC,494511,39042,,,totalTestsViral,6318737,3043,,696,,,,,12/23/2020 12:00,2020-12-23T12:00:00Z,12/23 07:00,6360,,403488,2020-12-23T12:00:00Z,6318737,,,455469,6029,331,,,,,,,,,,,230958,,37,5609,0,494511,44277,494511,,69,0,e027ba0c2c1f12ab93c33421bd6aded3870470df,0,0,0,0,0,
20201222,NC,488902,37518,,,totalTestsViral,6274460,3001,,686,,,,,12/22/2020 11:45,2020-12-22T11:45:00Z,12/22 06:45,6291,,403488,2020-12-22T11:45:00Z,6274460,,,451384,5980,311,,,,,,,,,,,224620,,37,5255,0,488902,35857,488902,,51,0,14bdeb117646810b428647800598c6ec5b5c1c9a,0,0,0,0,0,
20201221,NC,483647,36852,,,totalTestsViral,6238603,2817,,659,,,,,12/21/2020 12:05,2020-12-21T12:05:00Z,12/21 07:05,6240,,403488,2020-12-21T12:05:00Z,6238603,,,446795,5940,300,,,,,,,,,,,221396,,37,4479,0,483647,52375,483647,,16,0,2ce7dc48871041e2a14d4c65a2432501e807515e,0,0,0,0,0,
20201220,NC,479168,36486,,,totalTestsViral,6186228,2748,,629,,,,,12/20/2020 11:30,2020-12-20T11:30:00Z,12/20 06:30,6224,,365273,2020-12-20T11:30:00Z,6186228,,,442682,5925,299,,,,,,,,,,,219724,,37,6900,0,479168,61346,479168,,40,0,5285252d00a793e8edd340058f7f16c28ff83c16,0,0,0,0,0,
20201219,NC,472268,35643,,,totalTestsViral,6124882,2846,,634,,,,,12/19/2020 11:20,2020-12-19T11:20:00Z,12/19 06:20,6184,,365273,2020-12-19T11:20:00Z,6124882,,,436625,5892,292,,,,,,,,,,,216180,,37,6164,0,472268,69893,472268,,59,0,6c080cd3403d5cb62f3b71852ff4540af692f170,0,0,0,0,0,
20201218,NC,466104,34885,,,totalTestsViral,6054989,2824,,619,,,,,12/18/2020 11:37,2020-12-18T11:37:00Z,12/18 06:37,6125,,365273,2020-12-18T11:37:00Z,6054989,,,431219,5842,283,,,,,,,,,,,209865,,37,8444,0,466104,69030,466104,,60,0,2dd66f7472fc09bc2af919ef79dd4a1b600938f5,0,0,0,0,0,
20201217,NC,457660,33839,,,totalTestsViral,5985959,2804,,620,,,,,12/17/2020 12:25,2020-12-17T12:25:00Z,12/17 07:25,6065,,365273,2020-12-17T12:25:00Z,5985959,,,423821,5788,277,,,,,,,,,,,203947,,37,5786,0,457660,53560,457660,,86,0,0551732f8f500849629d16bdfd9f1546f6d85aa6,0,0,0,0,0,
20201216,NC,451874,32643,,,totalTestsViral,5932399,2811,,646,,,,,12/16/2020 11:30,2020-12-16T11:30:00Z,12/16 06:30,5979,,365273,2020-12-16T11:30:00Z,5932399,,,419231,5714,265,,,,,,,,,,,198646,,37,5273,0,451874,33769,451874,,98,0,4e5afefa8dfbf2bdeec22305075919a536a2ebec,0,0,0,0,0,
20201215,NC,446601,31521,,,totalTestsViral,5898630,2735,,643,,,,,12/15/2020 11:45,2020-12-15T11:45:00Z,12/15 06:45,5881,,365273,2020-12-15T11:45:00Z,5898630,,,415080,5639,242,,,,,,,,,,,190556,,37,5236,0,446601,36132,446601,,26,0,37e4a787d7f46031922c04f42cee36a4138799ec,0,0,0,0,0,
20201214,NC,441365,30895,,,totalTestsViral,5862498,2553,,613,,,,,12/14/2020 11:30,2020-12-14T11:30:00Z,12/14 06:30,5855,,365273,2020-12-14T11:30:00Z,5862498,,,410470,5615,240,,,,,,,,,,,187337,,37,4770,0,441365,44465,441365,,32,0,2b9e3a7db823d194984119bc4a25b5e038d5dbb4,0,0,0,0,0,
20201213,NC,436595,30421,,,totalTestsViral,5818033,2520,,606,,,,,12/13/2020 11:30,2020-12-13T11:30:00Z,12/13 06:30,5823,,341041,2020-12-13T11:30:00Z,5818033,,,406174,5588,235,,,,,,,,,,,186013,,37,6819,0,436595,54838,436595,,27,0,d6d99952f040170ca93bab3339bf77af2edd30ed,0,0,0,0,0,
20201212,NC,429776,29795,,,totalTestsViral,5763195,2577,,610,,,,,12/12/2020 11:45,2020-12-12T11:45:00Z,12/12 06:45,5796,,341041,2020-12-12T11:45:00Z,5763195,,,399981,5564,232,,,,,,,,,,,182850,,37,6153,0,429776,59779,429776,,44,0,4052b5b371ed7c9a6509c085d9a4651999435c41,0,0,0,0,0,
20201211,NC,423623,28881,,,totalTestsViral,5703416,2514,,583,,,,,12/11/2020 11:30,2020-12-11T11:30:00Z,12/11 06:30,5752,,341041,2020-12-11T11:30:00Z,5703416,,,394742,5528,224,,,,,,,,,,,175843,,37,7540,0,423623,63501,423623,,38,0,5f4cc86e42ecc478f2b38df592c9e259e660ed4e,0,0,0,0,0,
20201210,NC,416083,27977,,,totalTestsViral,5639915,2444,,573,,,,,12/10/2020 11:30,2020-12-10T11:30:00Z,12/10 06:30,5714,,341041,2020-12-10T11:30:00Z,5639915,,,388106,5497,217,,,,,,,,,,,168721,,37,5556,0,416083,52359,416083,,53,0,579dde8a0262b366046e8c1df6dea7aad63ccfd4,0,0,0,0,0,
20201209,NC,410527,27119,,,totalTestsViral,5587556,2440,,577,,,,,12/9/2020 11:40,2020-12-09T11:40:00Z,12/09 06:40,5661,,341041,2020-12-09T11:40:00Z,5587556,,,383408,5453,208,,,,,,,,,,,163371,,37,6495,0,410527,40561,410527,,56,0,ba04bf825cf31083efc68122518ad74aa3a5efc9,0,0,0,0,0,
20201208,NC,404032,26106,,,totalTestsViral,5546995,2373,,573,,,,,12/8/2020 11:30,2020-12-08T11:30:00Z,12/08 06:30,5605,,341041,2020-12-08T11:30:00Z,5546995,,,377926,5401,204,,,,,,,,,,,155329,,37,4670,0,404032,38124,404032,,45,0,5f89c69b675c9510c9501d552cc8a66ddcd38def,0,0,0,0,0,
20201207,NC,399362,25678,,,totalTestsViral,5508871,2240,,528,,,,,12/7/2020 12:10,2020-12-07T12:10:00Z,12/07 07:10,5560,,341041,2020-12-07T12:10:00Z,5508871,,,373684,5364,196,,,,,,,,,,,149603,,37,4372,0,399362,49184,399362,,17,0,aa3f32374f8760271b36316e1da76a00a2d55a4a,0,0,0,0,0,
20201206,NC,394990,25452,,,totalTestsViral,5459687,2191,,515,,,,,12/6/2020 12:55,2020-12-06T12:55:00Z,12/06 07:55,5543,,315979,2020-12-06T12:55:00Z,5459687,,,369538,5347,196,,,,,,,,,,,148091,,37,6438,0,394990,51078,394990,,27,0,2a727bc2729974cb90d064d4d1df0be262af2007,0,0,0,0,0,
20201205,NC,388552,24854,,,totalTestsViral,5408609,2171,,508,,,,,12/5/2020 11:15,2020-12-05T11:15:00Z,12/05 06:15,5516,,315979,2020-12-05T11:15:00Z,5408609,,,363698,5323,193,,,,,,,,,,,145082,,37,6018,0,388552,56481,388552,,49,0,88400bf5f7e601d9faa2655fb01574fcb60263e3,0,0,0,0,0,
20201204,NC,382534,24067,,,totalTestsViral,5352128,2157,,505,,,,,12/4/2020 11:30,2020-12-04T11:30:00Z,12/04 06:30,5467,,315979,2020-12-04T11:30:00Z,5352128,,,358467,5279,188,,,,,,,,,,,138473,,37,5303,0,382534,52700,382534,,57,0,55eb18348c35a2efb59050fbe5a65835df567b26,0,0,0,0,0,
20201203,NC,377231,23265,,,totalTestsViral,5299428,2101,,500,,,,,12/3/2020 11:30,2020-12-03T11:30:00Z,12/03 06:30,5410,,315979,2020-12-03T11:30:00Z,5299428,,,353966,5231,179,,,,,,,,,,,130577,,37,5637,0,377231,47036,377231,,44,0,45ea599f7b9ecd5995e5fb0af402719b561ec877,0,0,0,0,0,
20201202,NC,371594,22314,,,totalTestsViral,5252392,2039,,508,,,,,12/2/2020 12:10,2020-12-02T12:10:00Z,12/02 07:10,5366,,315979,2020-12-02T12:10:00Z,5252392,,,349280,5192,174,,,,,,,,,,,124631,,37,4199,0,371594,26100,371594,,82,0,16e19da32b5f5a04590a71732bf4bc38a62ea9c5,0,0,0,0,0,
20201201,NC,367395,21489,,,totalTestsViral,5226292,2033,,485,,,,,12/1/2020 12:05,2020-12-01T12:05:00Z,12/01 07:05,5284,,315979,2020-12-01T12:05:00Z,5226292,,,345906,5123,161,,,,,,,,,,,118261,,37,2883,0,367395,22913,367395,,23,0,bf9493f3c9ab45b7cf8d6fd76405eda8555f7ef8,0,0,0,0,0,
20201130,NC,364512,20994,,,totalTestsViral,5203379,1966,,457,,,,,11/30/2020 12:05,2020-11-30T12:05:00Z,11/30 07:05,5261,,315979,2020-11-30T12:05:00Z,5203379,,,343518,5104,157,,,,,,,,,,,115957,,37,2734,0,364512,34354,364512,,21,0,fe7dbfb13127db6760db173dc81316ef62e4c9c4,0,0,0,0,0,
20201129,NC,361778,20839,,,totalTestsViral,5169025,1885,,454,,,,,11/29/2020 11:30,2020-11-29T11:30:00Z,11/29 06:30,5240,,293555,2020-11-29T11:30:00Z,5169025,,,340939,5085,155,,,,,,,,,,,115123,,37,3820,0,361778,39162,361778,,21,0,d8ea4af3569b91efd1f0422836f5f3ee97eb2b90,0,0,0,0,0,
20201128,NC,357958,20457,,,totalTestsViral,5129863,1840,,450,,,,,11/28/2020 11:20,2020-11-28T11:20:00Z,11/28 06:20,5219,,293555,2020-11-28T11:20:00Z,5129863,,,337501,5068,151,,,,,,,,,,,113574,,37,3444,0,357958,40408,357958,,9,0,11a0c249836ce5c70d5107011f4e30f3b1c6c405,0,0,0,0,0,
20201127,NC,354514,20324,,,totalTestsViral,5089455,1780,,437,,,,,11/27/2020 11:40,2020-11-27T11:40:00Z,11/27 06:40,5210,,293555,2020-11-27T11:40:00Z,5089455,,,334190,5059,151,,,,,,,,,,,111727,,37,8008,0,354514,61469,354514,,72,0,8a14b6eec700a14ad62820f786254157b677badd,0,0,0,0,0,
20201126,NC,346506,19127,,,totalTestsViral,5027986,1811,,431,,,,,11/25/2020 11:40,2020-11-25T11:40:00Z,11/25 06:40,5138,,293555,2020-11-25T11:40:00Z,5027986,,,327379,4993,145,,,,,,,,,,,103064,,37,0,0,346506,45366,346506,,0,0,3b2aecb572fa0e88b8f6acf9bad184377dabba35,0,0,0,0,0,
20201125,NC,346506,19127,,,totalTestsViral,4982620,1811,,431,,,,,11/25/2020 11:40,2020-11-25T11:40:00Z,11/25 06:40,5138,,293555,2020-11-25T11:40:00Z,4982620,,,327379,4993,145,,,,,,,,,,,103064,,37,4212,0,346506,46312,346506,,64,0,f8e08211ee0604eb0497ba1fb699eb6eebf185ba,0,0,0,0,0,
20201124,NC,342294,18543,,,totalTestsViral,4936308,1724,,412,,,,,11/24/2020 12:00,2020-11-24T12:00:00Z,11/24 07:00,5074,,293555,2020-11-24T12:00:00Z,4936308,,,323751,4939,135,,,,,,,,,,,95746,,37,3100,0,342294,40091,342294,,35,0,3a5eedc29329499725f2e413409fd65cce243fb8,0,0,0,0,0,
20201123,NC,339194,18204,,,totalTestsViral,4896217,1601,,397,,,,,11/23/2020 12:00,2020-11-23T12:00:00Z,11/23 07:00,5039,,293555,2020-11-23T12:00:00Z,4896217,,,320990,4910,129,,,,,,,,,,,91610,,37,2419,0,339194,42082,339194,,5,0,04d43b0aaf94fb25b5ec2de8477fa7a607ce2bf8,0,0,0,0,0,
20201122,NC,336775,18012,,,totalTestsViral,4854135,1571,,404,,,,,11/22/2020 12:00,2020-11-22T12:00:00Z,11/22 07:00,5034,,276132,2020-11-22T12:00:00Z,4854135,,,318763,4907,127,,,,,,,,,,,91610,,37,4514,0,336775,50519,336775,,29,0,b04c2f58f6452b2c61fdc45919bb4fa098a9ba58,0,0,0,0,0,
20201121,NC,332261,17646,,,totalTestsViral,4803616,1590,,409,,,,,11/21/2020 12:00,2020-11-21T12:00:00Z,11/21 07:00,5005,,276132,2020-11-21T12:00:00Z,4803616,,,314615,4880,125,,,,,,,,,,,88848,,37,3415,0,332261,53339,332261,,26,0,06f4b512c914da94d84958b8ddc8bc44f4fbc452,0,0,0,0,0,
20201120,NC,328846,17074,,,totalTestsViral,4750277,1571,,415,,,,,11/20/2020 13:10,2020-11-20T13:10:00Z,11/20 08:10,4979,,276132,2020-11-20T13:10:00Z,4750277,,,311772,4854,125,,,,,,,,,,,84138,,37,3688,0,328846,49935,328846,,43,0,e119e8e1da0ff7d7772a50c3c64bffd61f091aaf,0,0,0,0,0,
20201119,NC,325158,16610,,,totalTestsViral,4700342,1538,,395,,,,,11/19/2020 12:15,2020-11-19T12:15:00Z,11/19 07:15,4936,,276132,2020-11-19T12:15:00Z,4700342,,,308548,4814,122,,,,,,,,,,,81125,,37,4296,0,325158,45852,325158,,38,0,11e153a798eba887774460d9a21063d4b18e3a55,0,0,0,0,0,
20201118,NC,320862,16078,,,totalTestsViral,4654490,1537,,386,,,,,11/18/2020 11:00,2020-11-18T11:00:00Z,11/18 06:00,4898,,276132,2020-11-18T11:00:00Z,4654490,,,304784,4780,118,,,,,,,,,,,74368,,37,3367,0,320862,30852,320862,,46,0,f0e54e2c2fef211d1c242873331e56d375f40e0f,0,0,0,0,0,
20201117,NC,317495,15497,,,totalTestsViral,4623638,1501,,370,,,,,11/17/2020 12:00,2020-11-17T12:00:00Z,11/17 07:00,4852,,276132,2020-11-17T12:00:00Z,4623638,,,301998,4738,114,,,,,,,,,,,70545,,37,3288,0,317495,28714,317495,,38,0,1e76d58070b404f46e4f4f5bab46763d5d711af8,0,0,0,0,0,
20201116,NC,314207,15146,,,totalTestsViral,4594924,1424,,360,,,,,11/16/2020 11:40,2020-11-16T11:40:00Z,11/16 06:40,4814,,276132,2020-11-16T11:40:00Z,4594924,,,299061,4704,110,,,,,,,,,,,67638,,37,1972,0,314207,34737,314207,,8,0,301228c4a4a0cff76ba8f9ffc77cc095ff1b4748,0,0,0,0,0,
20201115,NC,312235,15051,,,totalTestsViral,4560187,1395,,352,,,,,11/15/2020 12:00,2020-11-15T12:00:00Z,11/15 07:00,4806,,261719,2020-11-15T12:00:00Z,4560187,,,297184,4696,110,,,,,,,,,,,66867,,37,3117,0,312235,38470,312235,,50,0,d943778489fa7548bdc461859c45480d546a883b,0,0,0,0,0,
20201114,NC,309118,14790,,,totalTestsViral,4521717,1425,,347,,,,,11/14/2020 12:00,2020-11-14T12:00:00Z,11/14 07:00,4756,,261719,2020-11-14T12:00:00Z,4521717,,,294328,4651,105,,,,,,,,,,,65269,,37,3885,0,309118,44616,309118,,36,0,a130b1971a08a3d4a94c28b4d9b29595b072c164,0,0,0,0,0,
20201113,NC,305233,14431,,,totalTestsViral,4477101,1423,,352,,,,,11/13/2020 12:45,2020-11-13T12:45:00Z,11/13 07:45,4720,,261719,2020-11-13T12:45:00Z,4477101,,,290802,4619,101,,,,,,,,,,,61929,,37,1779,0,305233,43421,305233,,14,0,1d362da9431c656e9ad4b27e825b0fdd2e2e3966,0,0,0,0,0,
20201112,NC,303454,14250,,,totalTestsViral,4433680,1279,,325,,,,,11/12/2020 12:00,2020-11-12T12:00:00Z,11/12 07:00,4706,,261719,2020-11-12T12:00:00Z,4433680,,,289204,4606,100,,,,,,,,,,,59388,,37,2893,0,303454,37868,303454,,8,0,d53035fa2e8247b514cecd5bc6c2589cc96e4c61,0,0,0,0,0,
20201111,NC,300561,14037,,,totalTestsViral,4395812,1246,,301,,,,,11/11/2020 11:45,2020-11-11T11:45:00Z,11/11 06:45,4698,,261719,2020-11-11T11:45:00Z,4395812,,,286524,4598,100,,,,,,,,,,,55930,,37,3119,0,300561,25979,300561,,38,0,5940a6f6f27ab4327068b99c999c20ba5252354f,0,0,0,0,0,
20201110,NC,297442,13547,,,totalTestsViral,4369833,1230,,325,,,,,11/10/2020 11:45,2020-11-10T11:45:00Z,11/10 06:45,4660,,261719,2020-11-10T11:45:00Z,4369833,,,283895,4562,98,,,,,,,,,,,52915,,37,2582,0,297442,25730,297442,,45,0,7cd139c9dbf2873df1b3f55aa0e2abd5f629311b,0,0,0,0,0,
20201109,NC,294860,13181,,,totalTestsViral,4344103,1169,,323,,,,,11/9/2020 11:00,2020-11-09T11:00:00Z,11/09 06:00,4615,,261719,2020-11-09T11:00:00Z,4344103,,,281679,4521,94,,,,,,,,,,,51349,,37,1521,0,294860,33738,294860,,8,0,2d4d85ef11532b16e064f92e8a568cf6eefe0ee3,0,0,0,0,0,
20201108,NC,293339,13126,,,totalTestsViral,4310365,1147,,311,,,,,11/8/2020 11:00,2020-11-08T11:00:00Z,11/08 06:00,4607,,246318,2020-11-08T11:00:00Z,4310365,,,280213,4513,94,,,,,,,,,,,48655,,37,2094,0,293339,38228,293339,,2,0,85b60255d3d0b3ed66e44db26ba8b80d1e19d81b,0,0,0,0,0,
20201107,NC,291245,13045,,,totalTestsViral,4272137,1196,,327,,,,,11/7/2020 11:20,2020-11-07T11:20:00Z,11/07 06:20,4605,,246318,2020-11-07T11:20:00Z,4272137,,,278200,4511,94,,,,,,,,,,,47403,,37,2676,0,291245,41946,291245,,23,0,48065033269c2cc008ba5cfa3ce4240834706fe1,0,0,0,0,0,
20201106,NC,288569,12779,,,totalTestsViral,4230191,1161,,311,,,,,11/6/2020 11:20,2020-11-06T11:20:00Z,11/06 06:20,4582,,246318,2020-11-06T11:20:00Z,4230191,,,275790,4489,93,,,,,,,,,,,45126,,37,2908,0,288569,45241,288569,,34,0,cffde97720b0b39226ca11fd2271b1fb5158bc8d,0,0,0,0,0,
20201105,NC,285661,12488,,,totalTestsViral,4184950,1193,,323,,,,,11/5/2020 11:30,2020-11-05T11:30:00Z,11/05 06:30,4548,,246318,2020-11-05T11:30:00Z,4184950,,,273173,4457,91,,,,,,,,,,,41718,,37,2859,0,285661,40636,285661,,41,0,56ea767dce5cd53f054e60c640b4c288b3dcedec,0,0,0,0,0,
20201104,NC,282802,12127,,,totalTestsViral,4144314,1186,,327,,,,,11/4/2020 11:45,2020-11-04T11:45:00Z,11/04 06:45,4507,,246318,2020-11-04T11:45:00Z,4144314,,,270675,4418,89,,,,,,,,,,,39185,,37,2425,0,282802,22501,282802,,50,0,6c7d68dd2c125a379f84cdfae35d9bef150fb290,0,0,0,0,0,
20201103,NC,280377,11764,,,totalTestsViral,4121813,1175,,331,,,,,11/3/2020 11:25,2020-11-03T11:25:00Z,11/03 06:25,4457,,246318,2020-11-03T11:25:00Z,4121813,,,268613,4371,86,,,,,,,,,,,35890,,37,2349,0,280377,26141,280377,,67,0,2add1afcf8a3a3e6a2c9dcf6e8f44c6203f604aa,0,0,0,0,0,
20201102,NC,278028,11577,,,totalTestsViral,4095672,1146,,344,,,,,11/2/2020 11:15,2020-11-02T11:15:00Z,11/02 06:15,4390,,246318,2020-11-02T11:15:00Z,4095672,,,266451,4313,77,,,,,,,,,,,33792,,37,1336,0,278028,32749,278028,,7,0,e7a01381ab06d30e144e2e633636a5f823c38a70,0,0,0,0,0,
20201101,NC,276692,11521,,,totalTestsViral,4062923,1122,,328,,,,,11/1/2020 11:00,2020-11-01T11:00:00Z,11/01 06:00,4383,,231611,2020-11-01T11:00:00Z,4062923,,,265171,4306,77,,,,,,,,,,,33369,,37,2057,0,276692,37191,276692,,5,0,3b2da46001b931f7e530b7d1336002379e7e9039,0,0,0,0,0,
20201031,NC,274635,11458,,,totalTestsViral,4025732,1184,,345,,,,,10/31/2020 11:35,2020-10-31T11:35:00Z,10/31 07:35,4378,,231611,2020-10-31T11:35:00Z,4025732,,,263177,4301,77,,,,,,,,,,,32124,,37,2805,0,274635,42087,274635,,46,0,b29478d83d9bf0dc21c196da9babfa8af8ff2414,0,0,0,0,0,
20201030,NC,271830,11121,,,totalTestsViral,3983645,1196,,343,,,,,10/30/2020 11:30,2020-10-30T11:30:00Z,10/30 07:30,4332,,231611,2020-10-30T11:30:00Z,3983645,,,260709,4257,75,,,,,,,,,,,29700,,37,2809,0,271830,43059,271830,,49,0,90b197d54f6f95e1fd1d8729908a49d21745db43,0,0,0,0,0,
20201029,NC,269021,10702,,,totalTestsViral,3940586,1181,,340,,,,,10/29/2020 11:05,2020-10-29T11:05:00Z,10/29 07:05,4283,,231611,2020-10-29T11:05:00Z,3940586,,,258319,4210,73,,,,,,,,,,,27145,,37,2885,0,269021,36669,269021,,38,0,414288ecfd25c58709da69bcea756085bafaf41a,0,0,0,0,0,
20201028,NC,266136,10443,,,totalTestsViral,3903917,1193,,329,,,,,10/28/2020 11:00,2020-10-28T11:00:00Z,10/28 07:00,4245,,231611,2020-10-28T11:00:00Z,3903917,,,255693,4176,69,,,,,,,,,,,24967,,37,2253,0,266136,21589,266136,,34,0,6809cdc545ca4cd4895c13baae37a74186e2ddc6,0,0,0,0,0,
20201027,NC,263883,10036,,,totalTestsViral,3882328,1214,,329,,,,,10/27/2020 11:25,2020-10-27T11:25:00Z,10/27 07:25,4211,,231611,2020-10-27T11:25:00Z,3882328,,,253847,4144,67,,,,,,,,,,,23444,,37,2141,0,263883,25050,263883,,41,0,0abe0c5d3a04dbe8f6542f2d2699680a62dd6dd9,0,0,0,0,0,
20201026,NC,261742,9805,,,totalTestsViral,3857278,1193,,332,,,,,10/26/2020 11:55,2020-10-26T11:55:00Z,10/26 07:55,4170,,231611,2020-10-26T11:55:00Z,3857278,,,251937,4108,62,,,,,,,,,,,22972,,37,1643,0,261742,30029,261742,,13,0,78171d81d858ca17fa56a78cb4a234804bc7e7e1,0,0,0,0,0,
20201025,NC,260099,9767,,,totalTestsViral,3827249,1148,,321,,,,,10/25/2020 11:00,2020-10-25T11:00:00Z,10/25 07:00,4157,,218541,2020-10-25T11:00:00Z,3827249,,,250332,4097,60,,,,,,,,,,,22622,,37,1807,0,260099,36632,260099,,13,0,ea7647748070998fe7a6f654617d92c94cc20d9a,0,0,0,0,0,
20201024,NC,258292,9672,,,totalTestsViral,3790617,1182,,338,,,,,10/24/2020 12:00,2020-10-24T12:00:00Z,10/24 08:00,4144,,218541,2020-10-24T12:00:00Z,3790617,,,248620,4085,59,,,,,,,,,,,21790,,37,2584,0,258292,38722,258292,,30,0,9aad354c754b6d712c39afc7a8cd9bb20dc394eb,0,0,0,0,0,
20201023,NC,255708,9362,,,totalTestsViral,3751895,1181,,325,,,,,10/23/2020 17:58,2020-10-23T17:58:00Z,10/23 13:58,4114,,218541,2020-10-23T17:58:00Z,3751895,,,246346,4058,56,,,,,,,,,,,19839,,37,2716,0,255708,44981,255708,,32,0,795a02d8161d22e7290f9785ed2f094cb3015889,0,0,0,0,0,
20201022,NC,252992,9069,,,totalTestsViral,3706914,1205,,333,,,,,10/22/2020 12:20,2020-10-22T12:20:00Z,10/22 08:20,4082,,218541,2020-10-22T12:20:00Z,3706914,,,243923,4028,54,,,,,,,,,,,18776,,37,2400,0,252992,34738,252992,,50,0,5d4f7d27d9bd7ada65bcf5f6d42d5dae1ec61428,0,0,0,0,0,
20201021,NC,250592,8800,,,totalTestsViral,3672176,1219,,337,,,,,10/21/2020 13:10,2020-10-21T13:10:00Z,10/21 09:10,4032,,218541,2020-10-21T13:10:00Z,3672176,,,241792,3981,51,,,,,,,,,,,17543,,37,1842,0,250592,16603,250592,,40,0,e26c6c95d58559fc8c6abad2fd5dc50b8f59c95e,0,0,0,0,0,
20201020,NC,248750,8453,,,totalTestsViral,3655573,1203,,326,,,,,10/20/2020 12:28,2020-10-20T12:28:00Z,10/20 08:28,3992,,218541,2020-10-20T12:28:00Z,3655573,,,240297,3941,51,,,,,,,,,,,16457,,37,1578,0,248750,23119,248750,,53,0,4419d10a70b4c36929affefd57b63c04b0cbe6b0,0,0,0,0,0,
20201019,NC,247172,8278,,,totalTestsViral,3632454,1142,,311,,,,,10/19/2020 12:05,2020-10-19T12:05:00Z,10/19 08:05,3939,,218541,2020-10-19T12:05:00Z,3632454,,,238894,3892,47,,,,,,,,,,,15544,,37,1144,0,247172,32583,247172,,5,0,5d3160de8865458f12fa0f3a912dc54dfce204e6,0,0,0,0,0,
20201018,NC,246028,8223,,,totalTestsViral,3599871,1129,,310,,,,,10/18/2020 11:20,2020-10-18T11:20:00Z,10/18 07:20,3934,,206471,2020-10-18T11:20:00Z,3599871,,,237805,3887,47,,,,,,,,,,,15275,,37,2303,0,246028,33614,246028,,5,0,f752db52244d4c6087938c01d90ed07d7ced84c7,0,0,0,0,0,
20201017,NC,243725,8128,,,totalTestsViral,3566257,1140,,316,,,,,10/17/2020 10:30,2020-10-17T10:30:00Z,10/17 06:30,3929,,206471,2020-10-17T10:30:00Z,3566257,,,235597,3882,47,,,,,,,,,,,14658,,37,2102,0,243725,40063,243725,,19,0,b55791b4fb217184802474eeb7de966a5245c0e4,0,0,0,0,0,
20201016,NC,241623,7891,,,totalTestsViral,3526194,1148,,299,,,,,10/16/2020 12:00,2020-10-16T12:00:00Z,10/16 08:00,3910,,206471,2020-10-16T12:00:00Z,3526194,,,233732,3864,46,,,,,,,,,,,13588,,37,2684,0,241623,41168,241623,,36,0,7ea41f1d7170fed3efcce55d817d1300870b7589,0,0,0,0,0,
20201015,NC,238939,7577,,,totalTestsViral,3485026,1140,,296,,,,,10/15/2020 11:45,2020-10-15T11:45:00Z,10/15 07:45,3874,,206471,2020-10-15T11:45:00Z,3485026,,,231362,3831,43,,,,,,,,,,,12872,,37,2532,0,238939,32849,238939,,18,0,f8573d0a89c91bb80e6e265a631dd26fd2155975,0,0,0,0,0,
20201014,NC,236407,7292,,,totalTestsViral,3452177,1152,,300,,,,,10/14/2020 11:30,2020-10-14T11:30:00Z,10/14 07:30,3856,,206471,2020-10-14T11:30:00Z,3452177,,,229115,3813,43,,,,,,,,,,,11616,,37,1926,0,236407,20537,236407,,40,0,865de4cc0ded132029bb1edcf8197e7355407bb0,0,0,0,0,0,
20201013,NC,234481,6985,,,totalTestsViral,3431640,1103,,306,,,,,10/13/2020 11:10,2020-10-13T11:10:00Z,10/13 07:10,3816,,206471,2020-10-13T11:10:00Z,3431640,,,227496,3774,42,,,,,,,,,,,10173,,37,1734,0,234481,21359,234481,,43,0,db17d82930cff2ed3336a40f2efd3a334f5601ac,0,0,0,0,0,
20201012,NC,232747,6788,,,totalTestsViral,3410281,1109,,314,,,,,10/12/2020 12:25,2020-10-12T12:25:00Z,10/12 08:25,3773,,206471,2020-10-12T12:25:00Z,3410281,,,225959,3738,35,,,,,,,,,,,9950,,37,1276,0,232747,32240,232747,,3,0,4d1798e95c68614d558ae6995acdf762552cd300,0,0,0,0,0,
20201011,NC,231471,6744,,,totalTestsViral,3378041,1046,,288,,,,,10/11/2020 13:00,2020-10-11T13:00:00Z,10/11 09:00,3770,,192644,2020-10-11T13:00:00Z,3378041,,,224727,3735,35,,,,,,,,,,,9655,,37,1719,0,231471,36220,231471,,5,0,29cffbcfb6405e9d203b6ae0663633b3a6b0188e,0,0,0,0,0,
20201010,NC,229752,6663,,,totalTestsViral,3341821,1034,,281,,,,,10/10/2020 12:00,2020-10-10T12:00:00Z,10/10 08:00,3765,,192644,2020-10-10T12:00:00Z,3341821,,,223089,3731,34,,,,,,,,,,,9135,,37,2321,0,229752,41183,229752,,18,0,187013aff0562a4c18400a4523e77d5991ea72af,0,0,0,0,0,
20201009,NC,227431,6466,,,totalTestsViral,3300638,1065,,299,,,,,10/9/2020 12:15,2020-10-09T12:15:00Z,10/09 08:15,3747,,192644,2020-10-09T12:15:00Z,3300638,,,220965,3713,34,,,,,,,,,,,8219,,37,2034,0,227431,40012,227431,,25,0,d6964604b1f2182a16bc777fc0b30ca919356b65,0,0,0,0,0,
20201008,NC,225397,6235,,,totalTestsViral,3260626,1051,,296,,,,,10/8/2020 12:00,2020-10-08T12:00:00Z,10/08 08:00,3722,,192644,2020-10-08T12:00:00Z,3260626,,,219162,3689,33,,,,,,,,,,,6114,,37,2428,0,225397,33428,225397,,29,0,4306a05efa21f9831e888f1d9ccf8f55aa149948,0,0,0,0,0,
20201007,NC,222969,6026,,,totalTestsViral,3227198,1028,,288,,,,,10/7/2020 12:10,2020-10-07T12:10:00Z,10/07 08:10,3693,,192644,2020-10-07T12:10:00Z,3227198,,,216943,3661,32,,,,,,,,,,,5101,,37,1711,0,222969,16888,222969,,23,0,63b2c6ef5e34b5d6471409f8e8688ea235d45bec,0,0,0,0,0,
20201006,NC,221258,5781,,,totalTestsViral,3210310,1013,,290,,,,,10/6/2020 12:58,2020-10-06T12:58:00Z,10/06 08:58,3670,,192644,2020-10-06T12:58:00Z,3210310,,,215477,3639,31,,,,,,,,,,,4508,,37,1504,0,221258,17794,221258,,33,0,6485a4d28708dcaad5f36006ed2cb24938997509,0,0,0,0,0,
20201005,NC,219754,5545,,,totalTestsViral,3192516,971,,274,,,,,10/5/2020 12:20,2020-10-05T12:20:00Z,10/05 08:20,3637,,192644,2020-10-05T12:20:00Z,3192516,,,214209,3606,31,,,,,,,,,,,4175,,37,2258,0,219754,26698,219754,,3,0,86e395caa8b5d18911c88c9a86a3bfb7e53400e6,0,0,0,0,0,
20201004,NC,217496,5535,,,totalTestsViral,3165818,907,,266,,,,,10/4/2020 12:00,2020-10-04T12:00:00Z,10/04 08:00,3634,,184422,2020-10-04T12:00:00Z,3165818,,,211961,3603,31,,,,,,,,,,,3996,,37,610,0,217496,31889,217496,,5,0,9272cdecdbe214035151b5c16d79060276bf13c4,0,0,0,0,0,
20201003,NC,216886,5483,,,totalTestsViral,3133929,921,,273,,,,,10/3/2020 11:45,2020-10-03T11:45:00Z,10/03 07:45,3629,,184422,2020-10-03T11:45:00Z,3133929,,,211403,3600,29,,,,,,,,,,,3527,,37,2202,0,216886,35426,216886,,21,0,f2de19f77d4b92a0df7b92548fb23557a3c0d79c,0,0,0,0,0,
20201002,NC,214684,5287,,,totalTestsViral,3098503,921,,278,,,,,10/2/2020 11:20,2020-10-02T11:20:00Z,10/02 07:20,3608,,184422,2020-10-02T11:20:00Z,3098503,,,209397,3579,29,,,,,,,,,,,3063,,37,1775,0,214684,39874,214684,,29,0,5aa2f49312e86904f03c827c6b867d8b67c3bf7e,0,0,0,0,0,
20201001,NC,212909,5120,,,totalTestsViral,3058629,939,,297,,,,,10/1/2020 12:00,2020-10-01T12:00:00Z,10/01 08:00,3579,,184422,2020-10-01T12:00:00Z,3058629,,,207789,3551,28,,,,,,,,,,,2721,,37,2277,0,212909,28574,212909,,47,0,7179922599fc7f557c870ecff9a602aed8fc0644,0,0,0,0,0,
20200930,NC,210632,4929,,,totalTestsViral,3030055,956,,297,,,,,9/30/2020 12:00,2020-09-30T12:00:00Z,09/30 08:00,3532,,184422,2020-09-30T12:00:00Z,3030055,,,205703,3505,27,,,,,,,,,,,2337,,37,1495,0,210632,13675,210632,,38,0,5570a66b39941ce815d6018306a79bab6415b910,0,0,0,0,0,
20200929,NC,209137,4806,,,totalTestsViral,3016380,950,,287,,,,,9/29/2020 12:45,2020-09-29T12:45:00Z,09/29 08:45,3494,,184422,2020-09-29T12:45:00Z,3016380,,,204331,3467,27,,,,,,,,,,,,,37,889,0,209137,13789,209137,,49,0,d180320bca3849409eeb4c5e8d148b0490677b0b,0,0,0,0,0,
20200928,NC,208248,4680,,,totalTestsViral,3002591,897,,271,,,,,9/28/2020 12:00,2020-09-28T12:00:00Z,09/28 08:00,3445,,184422,2020-09-28T12:00:00Z,3002591,,,203568,3418,27,,,,,,,,,,,,,37,868,0,208248,25913,208248,,4,0,3052b16c62eae4cc046e9193bacecb00877a9626,0,0,0,0,0,
20200927,NC,207380,4676,,,totalTestsViral,2976678,917,,269,,,,,9/27/2020 12:05,2020-09-27T12:05:00Z,09/27 08:05,3441,,176422,2020-09-27T12:05:00Z,2976678,,,202704,3414,27,,,,,,,,,,,,,37,1290,0,207380,31292,207380,,1,0,136308a35984b4e9ff043a25002a5117493e67c9,0,0,0,0,0,
20200926,NC,206090,4659,,,totalTestsViral,2945386,914,,272,,,,,9/26/2020 12:00,2020-09-26T12:00:00Z,09/26 08:00,3440,,176422,2020-09-26T12:00:00Z,2945386,,,201431,3413,27,,,,,,,,,,,,,37,1759,0,206090,35809,206090,,31,0,ee4ec9ad53e6be83cdbcfd4ee61e3dfda67e661f,0,0,0,0,0,
20200925,NC,204331,4563,,,totalTestsViral,2909577,903,,281,,,,,9/25/2020 13:30,2020-09-25T13:30:00Z,09/25 09:30,3409,,176422,2020-09-25T13:30:00Z,2909577,,,199768,3409,,,,,,,,,,,,,,37,6142,0,204331,38070,204331,,53,0,2967efe6c44c290dce45703da5208166c5aca6a9,0,0,0,0,0,
20200924,NC,198189,,,,totalTestsViral,2871507,902,,279,,,,,9/24/2020 11:50,2020-09-24T11:50:00Z,09/24 07:50,3356,,176422,2020-09-24T11:50:00Z,2871507,,,198189,3356,,,,,,,,,,,,,,37,1688,0,198189,28179,198189,,40,0,66bc1b358b70646b1b661f80ba11005d71aa096a,0,0,0,0,0,
20200923,NC,196501,,,,totalTestsViral,2843328,912,,281,,,,,9/23/2020 12:10,2020-09-23T12:10:00Z,09/23 08:10,3316,,176422,2020-09-23T12:10:00Z,2843328,,,196501,3316,,,,,,,,,,,,,,37,952,0,196501,12334,196501,,30,0,a9a2b0524718e909f3ad97ee4ae640b7b1ea45fb,0,0,0,0,0,
20200922,NC,195549,,,,totalTestsViral,2830994,905,,277,,,,,9/22/2020 12:05,2020-09-22T12:05:00Z,09/22 08:05,3286,,176422,2020-09-22T12:05:00Z,2830994,,,195549,3286,,,,,,,,,,,,,,37,1168,0,195549,16001,195549,,39,0,2988e06e3d6c45652cbda8d6ef345c02426056b0,0,0,0,0,0,
20200921,NC,194381,,,,totalTestsViral,2814993,885,,277,,,,,9/21/2020 12:15,2020-09-21T12:15:00Z,09/21 08:15,3247,,176422,2020-09-21T12:15:00Z,2814993,,,194381,3247,,,,,,,,,,,,,,37,800,0,194381,24679,194381,,4,0,047b4e761618a1c0279c93bbacd75f3ffe077c66,0,0,0,0,0,
20200920,NC,193581,,,,totalTestsViral,2790314,889,,292,,,,,9/20/2020 11:50,2020-09-20T11:50:00Z,09/20 07:50,3243,,167257,2020-09-20T11:50:00Z,2790314,,,193581,3243,,,,,,,,,,,,,,37,1333,0,193581,27403,193581,,8,0,c479af710612289a9441767a61ff5075501d6ced,0,0,0,0,0,
20200919,NC,192248,,,,totalTestsViral,2762911,882,,293,,,,,9/19/2020 11:45,2020-09-19T11:45:00Z,09/19 07:45,3235,,167257,2020-09-19T11:45:00Z,2762911,,,192248,3235,,,,,,,,,,,,,,37,1229,0,192248,34441,192248,,28,0,2f2f104698c7827b1b0216baa760b1a161a3f1bc,0,0,0,0,0,
20200918,NC,191019,,,,totalTestsViral,2728470,904,,283,,,,,9/18/2020 11:00,2020-09-18T11:00:00Z,09/18 07:00,3207,,167257,2020-09-18T11:00:00Z,2728470,,,191019,3207,,,,,,,,,,,,,,37,1443,0,191019,37607,191019,,27,0,15445f8f5a17f1ce846fe2cb36a3a9005a70f6bd,0,0,0,0,0,
20200917,NC,189576,,,,totalTestsViral,2690863,894,,286,,,,,9/17/2020 11:00,2020-09-17T11:00:00Z,09/17 07:00,3180,,167257,2020-09-17T11:00:00Z,2690863,,,189576,3180,,,,,,,,,,,,,,37,1552,0,189576,28506,189576,,31,0,c170486fd727e11a87a4a0164c710f20d6730936,0,0,0,0,0,
20200916,NC,188024,,,,totalTestsViral,2662357,918,,297,,,,,9/16/2020 11:15,2020-09-16T11:15:00Z,09/16 07:15,3149,,167257,2020-09-16T11:15:00Z,2662357,,,188024,3149,,,,,,,,,,,,,,37,1137,0,188024,15629,188024,,38,0,196f03cfc88d2d9ae74cca8b9ee71a726e9c452c,0,0,0,0,0,
20200915,NC,186887,,,,totalTestsViral,2646728,916,,297,,,,,9/15/2020 10:55,2020-09-15T10:55:00Z,09/15 06:55,3111,,167257,2020-09-15T10:55:00Z,2646728,,,186887,3111,,,,,,,,,,,,,,37,1106,0,186887,18342,186887,,51,0,0ea1d2037e2b6248e345dcd8df3187cbf542f777,0,0,0,0,0,
20200914,NC,185781,,,,totalTestsViral,2628386,895,,293,,,,,9/14/2020 11:50,2020-09-14T11:50:00Z,09/14 07:50,3060,,167257,2020-09-14T11:50:00Z,2628386,,,185781,3060,,,,,,,,,,,,,,37,845,0,185781,26203,185781,,8,0,edcf8de6216b985dea558e43f2b6f689d1b3d5ee,0,0,0,0,0,
20200913,NC,184936,,,,totalTestsViral,2602183,831,,270,,,,,9/13/2020 11:50,2020-09-13T11:50:00Z,09/13 07:50,3052,,156652,2020-09-13T11:50:00Z,2602183,,,184936,3052,,,,,,,,,,,,,,37,1196,0,184936,33367,184936,,5,0,f657eb5038d1156a82c7ed12ebf2b715a94e3f33,0,0,0,0,0,
20200912,NC,183740,,,,totalTestsViral,2568816,870,,287,,,,,9/12/2020 12:25,2020-09-12T12:25:00Z,09/12 08:25,3047,,156652,2020-09-12T12:25:00Z,2568816,,,183740,3047,,,,,,,,,,,,,,37,1454,0,183740,38681,183740,,24,0,992ec5512f687d4af7636008540b83b2a6eae4a2,0,0,0,0,0,
20200911,NC,182286,,,,totalTestsViral,2530135,938,,292,,,,,9/11/2020 12:50,2020-09-11T12:50:00Z,09/11 08:50,3023,,156652,2020-09-11T12:50:00Z,2530135,,,182286,3023,,,,,,,,,,,,,,37,1532,0,182286,33872,182286,,33,0,1fcdf5cfa50ab9d29a340334f0d6294b03b9e84f,0,0,0,0,0,
20200910,NC,180754,,,,totalTestsViral,2496263,928,,291,,,,,9/10/2020 11:30,2020-09-10T11:30:00Z,09/10 07:30,2990,,156652,2020-09-10T11:30:00Z,2496263,,,180754,2990,,,,,,,,,,,,,,37,1222,0,180754,15536,180754,,32,0,2afca8f755e8c3d23dc76f5f8bf0450a5a61bc20,0,0,0,0,0,
20200909,NC,179532,,,,totalTestsViral,2480727,916,,296,,,,,9/9/2020 11:40,2020-09-09T11:40:00Z,09/09 07:40,2958,,156652,2020-09-09T11:40:00Z,2480727,,,179532,2958,,,,,,,,,,,,,,37,897,0,179532,10621,179532,,49,0,f26eb1cb8c0bc7d72133549d7b037d9a22cae25e,0,0,0,0,0,
20200908,NC,178635,,,,totalTestsViral,2470106,827,,262,,,,,9/8/2020 12:05,2020-09-08T12:05:00Z,09/08 08:05,2909,,156652,2020-09-08T12:05:00Z,2470106,,,178635,2909,,,,,,,,,,,,,,37,716,0,178635,15250,178635,,12,0,293736f42317463e36fbae49b789bdd62263c0c7,0,0,0,0,0,
20200907,NC,177919,,,,totalTestsViral,2454856,765,,248,,,,,9/6/2020 11:25,2020-09-06T11:25:00Z,09/06 07:25,2897,,156652,2020-09-06T11:25:00Z,2454856,,,177919,2897,,,,,,,,,,,,,,37,1018,0,177919,25209,177919,,7,0,3c8f51e0ebe4866ea396053a4b89c90ea63e1f21,0,0,0,0,0,
20200906,NC,176901,,,,totalTestsViral,2429647,830,,250,,,,,9/6/2020 11:25,2020-09-06T11:25:00Z,09/06 07:25,2890,,145884,2020-09-06T11:25:00Z,2429647,,,176901,2890,,,,,,,,,,,,,,37,1086,0,176901,28779,176901,,1,0,e91a34ca6e120f98312d6d00c51498c639e2c474,0,0,0,0,0,
20200905,NC,175815,,,,totalTestsViral,2400868,831,,254,,,,,9/5/2020 12:00,2020-09-05T12:00:00Z,09/05 08:00,2889,,145884,2020-09-05T12:00:00Z,2400868,,,175815,2889,,,,,,,,,,,,,,37,1561,0,175815,32622,175815,,50,0,ccecb30904c3807400c93a56ac72a5452484e630,0,0,0,0,0,
20200904,NC,174254,,,,totalTestsViral,2368246,955,,281,,,,,9/4/2020 12:10,2020-09-04T12:10:00Z,09/04 08:10,2839,,145884,2020-09-04T12:10:00Z,2368246,,,174254,2839,,,,,,,,,,,,,,37,2045,0,174254,36879,174254,,36,0,7359dbf18d56fd42f6229d5de5cba80c4fb833e5,0,0,0,0,0,
20200903,NC,172209,,,,totalTestsViral,2331367,858,,257,,,,,9/3/2020 12:15,2020-09-03T12:15:00Z,09/03 08:15,2803,,145884,2020-09-03T12:15:00Z,2331367,,,172209,2803,,,,,,,,,,,,,,37,1656,0,172209,28887,172209,,24,0,696b40ae84b43be33f03f50332f3a548b652a434,0,0,0,0,0,
20200902,NC,170553,,,,totalTestsViral,2302480,858,,270,,,,,9/2/2020 13:05,2020-09-02T13:05:00Z,09/02 09:05,2779,,145884,2020-09-02T13:05:00Z,2302480,,,170553,2779,,,,,,,,,,,,,,37,1129,0,170553,15065,170553,,38,0,6d656b8266f72b4df228c43b3d0bfc88ddf594e7,0,0,0,0,0,
20200901,NC,169424,,,,totalTestsViral,2287415,946,,270,,,,,9/1/2020 12:20,2020-09-01T12:20:00Z,09/01 08:20,2741,,145884,2020-09-01T12:20:00Z,2287415,,,169424,2741,,,,,,,,,,,,,,37,2111,0,169424,18622,169424,,39,0,98d007011736d6d7edcce8f8c22f6ed502233c4e,0,0,0,0,0,
20200831,NC,167313,,,,totalTestsViral,2268793,923,,244,,,,,8/31/2020 12:15,2020-08-31T12:15:00Z,08/31 08:15,2702,,145884,2020-08-31T12:15:00Z,2268793,,,167313,2702,,,,,,,,,,,,,,37,1186,0,167313,25044,167313,,10,0,12f87fd9c04768d25820212d659ff6a9a74af3cf,0,0,0,0,0,
20200830,NC,166127,,,,totalTestsViral,2243749,917,,260,,,,,8/30/2020 11:55,2020-08-30T11:55:00Z,08/30 07:55,2692,,136630,2020-08-30T11:55:00Z,2243749,,,166127,2692,,,,,,,,,,,,,,37,1051,0,166127,30979,166127,,9,0,53766ca3f26b1d66af8a84b166215190c740e374,0,0,0,0,0,
20200829,NC,165076,,,,totalTestsViral,2212770,965,,264,,,,,8/29/2020 12:35,2020-08-29T12:35:00Z,08/29 08:35,2683,,136630,2020-08-29T12:35:00Z,2212770,,,165076,2683,,,,,,,,,,,,,,37,2585,0,165076,34871,165076,,31,0,57db3da0ce8fc6f0f6dfbd403de535004b8e7e21,0,0,0,0,0,
20200828,NC,162491,,,,totalTestsViral,2177899,970,,278,,,,,8/28/2020 12:00,2020-08-28T12:00:00Z,08/28 08:00,2652,,136630,2020-08-28T12:00:00Z,2177899,,,162491,2652,,,,,,,,,,,,,,37,1415,0,162491,35721,162491,,22,0,27ef347a78d384e05eb8c15109af8e58d1fdaae4,0,0,0,0,0,
20200827,NC,161076,,,,totalTestsViral,2142178,958,,272,,,,,8/27/2020 11:45,2020-08-27T11:45:00Z,08/27 07:45,2630,,136630,2020-08-27T11:45:00Z,2142178,,,161076,2630,,,,,,,,,,,,,,37,2091,0,161076,31132,161076,,24,0,50f4b0f416ee4850c7bce870aaf83d615dd0d9d0,0,0,0,0,0,
20200826,NC,158985,,,,totalTestsViral,2111046,1004,,281,,,,,8/26/2020 12:15,2020-08-26T12:15:00Z,08/26 08:15,2606,,136630,2020-08-26T12:15:00Z,2111046,,,158985,2606,,,,,,,,,,,,,,37,1244,0,158985,14920,158985,,36,0,426266c7ef8ae4b8d482bb6350d84e35d6aa3404,0,0,0,0,0,
20200825,NC,157741,,,,totalTestsViral,2096126,1000,,270,,,,,8/25/2020 12:10,2020-08-25T12:10:00Z,08/25 08:10,2570,,136630,2020-08-25T12:10:00Z,2096126,,,157741,2570,,,,,,,,,,,,,,37,1345,0,157741,13120,157741,,35,0,879b89393a95ecb0de3af7039a2aa712693da9b7,0,0,0,0,0,
20200824,NC,156396,,,,totalTestsViral,2083006,948,,274,,,,,8/24/2020 11:35,2020-08-24T11:35:00Z,08/24 07:35,2535,,136630,2020-08-24T11:35:00Z,2083006,,,156396,2535,,,,,,,,,,,,,,37,1283,0,156396,24169,156396,,4,0,a3fda45011751519c7bc9b37edbc38a490cde6c8,0,0,0,0,0,
20200823,NC,155113,,,,totalTestsViral,2058837,898,,268,,,,,8/23/2020 12:05,2020-08-23T12:05:00Z,08/23 08:05,2531,,127749,2020-08-23T12:05:00Z,2058837,,,155113,2531,,,,,,,,,,,,,,37,1472,0,155113,24904,155113,,10,0,747a6cbd9a04131fdb8832316805d4fb8a21be50,0,0,0,0,0,
20200822,NC,153641,,,,totalTestsViral,2033933,996,,279,,,,,8/22/2020 11:55,2020-08-22T11:55:00Z,08/22 07:55,2521,,127749,2020-08-22T11:55:00Z,2033933,,,153641,2521,,,,,,,,,,,,,,37,1729,0,153641,25761,153641,,27,0,5db4f2720b7cb2104d6a6ed8c64907f8306b853a,0,0,0,0,0,
20200821,NC,151912,,,,totalTestsViral,2008172,1015,,284,,,,,8/21/2020 11:30,2020-08-21T11:30:00Z,08/21 07:30,2494,,127749,2020-08-21T11:30:00Z,2008172,,,151912,2494,,,,,,,,,,,,,,37,2008,0,151912,26022,151912,,29,0,26e9ce07b285c1248ac7301529e004912bbf9fcf,0,0,0,0,0,
20200820,NC,149904,,,,totalTestsViral,1982150,1023,,280,,,,,8/20/2020 12:10,2020-08-20T12:10:00Z,08/20 08:10,2465,,127749,2020-08-20T12:10:00Z,1982150,,,149904,2465,,,,,,,,,,,,,,37,1972,0,149904,25739,149904,,34,0,dab836ce7cb09f40b3545749a6ac8856c8a52c06,0,0,0,0,0,
20200819,NC,147932,,,,totalTestsViral,1956411,1001,,306,,,,,8/19/2020 12:58,2020-08-19T12:58:00Z,08/19 08:58,2431,,127749,2020-08-19T12:58:00Z,1956411,,,147932,2431,,,,,,,,,,,,,,37,1153,0,147932,10893,147932,,35,0,fd08757e6f281c1582f66b93e728208a1deb5df2,0,0,0,0,0,
20200818,NC,146779,,,,totalTestsViral,1945518,1026,,313,,,,,8/18/2020 13:00,2020-08-18T13:00:00Z,08/18 09:00,2396,,127749,2020-08-18T13:00:00Z,1945518,,,146779,2396,,,,,,,,,,,,,,37,1263,0,146779,13862,146779,,48,0,b168b4412d169d837f1b1597638358f2216d5d23,0,0,0,0,0,
20200817,NC,145516,,,,totalTestsViral,1931656,980,,290,,,,,8/17/2020 12:20,2020-08-17T12:20:00Z,08/17 08:20,2348,,127749,2020-08-17T12:20:00Z,1931656,,,145516,2348,,,,,,,,,,,,,,37,564,0,145516,23021,145516,,1,0,a54b0a07152590f962b82cac6d2bac6a642803e7,0,0,0,0,0,
20200816,NC,144952,,,,totalTestsViral,1908635,934,,289,,,,,8/16/2020 12:20,2020-08-16T12:20:00Z,08/16 08:20,2347,,116969,2020-08-16T12:20:00Z,1908635,,,144952,2347,,,,,,,,,,,,,,37,1246,0,144952,25652,144952,,4,0,7c11e1b4946056624c71cde675111be996144375,0,0,0,0,0,
20200815,NC,143706,,,,totalTestsViral,1882983,1032,,320,,,,,8/15/2020 12:30,2020-08-15T12:30:00Z,08/15 08:30,2343,,116969,2020-08-15T12:30:00Z,1882983,,,143706,2343,,,,,,,,,,,,,,37,1536,0,143706,22856,143706,,30,0,eb28d6b2ceba588726886bf130bf309645e88949,0,0,0,0,0,
20200814,NC,142170,,,,totalTestsViral,1860127,1049,,308,,,,,8/14/2020 11:50,2020-08-14T11:50:00Z,08/14 07:50,2313,,116969,2020-08-14T11:50:00Z,1860127,,,142170,2313,,,,,,,,,,,,,,37,1346,0,142170,30068,142170,,26,0,00d1210c99d559e893a88af9f695786ee040dd64,0,0,0,0,0,
20200813,NC,140824,,,,totalTestsViral,1830059,1070,,313,,,,,8/13/2020 12:10,2020-08-13T12:10:00Z,08/13 08:10,2287,,116969,2020-08-13T12:10:00Z,1830059,,,140824,2287,,,,,,,,,,,,,,37,1763,0,140824,26715,140824,,38,0,f206b8c74a900f0f24b6efb903d2cc0dc2370daa,0,0,0,0,0,
20200812,NC,139061,,,,totalTestsViral,1803344,1062,,311,,,,,8/12/2020 14:15,2020-08-12T14:15:00Z,08/12 10:15,2249,,116969,2020-08-12T14:15:00Z,1803344,,,139061,2249,,,,,,,,,,,,,,37,1166,0,139061,15704,139061,,45,0,6c32cf64b07bd6588a2ae66fcc28a2250fca3e02,0,0,0,0,0,
20200811,NC,137895,,,,totalTestsViral,1787640,1122,,329,,,,,8/11/2020 15:40,2020-08-11T15:40:00Z,08/11 11:40,2204,,116969,2020-08-11T15:40:00Z,1787640,,,137895,2204,,,,,,,,,,,,,,37,1051,0,137895,17137,137895,,32,0,e6694cabe62103a11eb1fa904cc0131ef955025a,0,0,0,0,0,
20200810,NC,136844,,,,totalTestsViral,1770503,1111,,317,,,,,8/10/2020 14:20,2020-08-10T14:20:00Z,08/10 10:20,2172,,105093,2020-08-10T14:20:00Z,1770503,,,136844,2172,,,,,,,,,,,,,,37,626,0,136844,19182,136844,,4,0,d07f15cc620a5f3606c393930b9b618c33abaa9f,0,0,0,0,0,
20200809,NC,136218,,,,totalTestsViral,1751321,1109,,315,,,,,8/9/2020 11:55,2020-08-09T11:55:00Z,08/09 07:55,2168,,105093,2020-08-09T11:55:00Z,1751321,,,136218,2168,,,,,,,,,,,,,,37,1452,0,136218,21031,136218,,8,0,4616c37135701ca03a0c8fe790df5ab7ed7fad23,0,0,0,0,0,
20200808,NC,134766,,,,totalTestsViral,1730290,1129,,335,,,,,8/8/2020 12:10,2020-08-08T12:10:00Z,08/08 08:10,2160,,105093,2020-08-08T12:10:00Z,1730290,,,134766,2160,,,,,,,,,,,,,,37,1954,0,134766,21840,134766,,26,0,0213c51a8541d2169f2dd96a809c1b63c19c5e74,0,0,0,0,0,
20200807,NC,132812,,,,totalTestsViral,1708450,1123,,339,,,,,8/7/2020 12:00,2020-08-07T12:00:00Z,08/07 08:00,2134,,105093,2020-08-07T12:00:00Z,1708450,,,132812,2134,,,,,,,,,,,,,,37,1545,0,132812,23469,132812,,42,0,d740deadcf825f4636892133d22ff6b19cbabde7,0,0,0,0,0,
20200806,NC,131267,,,,totalTestsViral,1684981,1147,,333,,,,,8/6/2020 12:00,2020-08-06T12:00:00Z,08/06 08:00,2092,,105093,2020-08-06T12:00:00Z,1684981,,,131267,2092,,,,,,,,,,,,,,37,1979,0,131267,19558,131267,,42,0,b6d266b0f3d1e0861c64a6c43e91bbd190734fec,0,0,0,0,0,
20200805,NC,129288,,,,totalTestsViral,1665423,1167,,346,,,,,8/5/2020 12:00,2020-08-05T12:00:00Z,08/05 08:00,2050,,105093,2020-08-05T12:00:00Z,1665423,,,129288,2050,,,,,,,,,,,,,,37,1127,0,129288,11613,129288,,40,0,81b3dbf55bf6bb98a303206a7862f0b1ff03704f,0,0,0,0,0,
20200804,NC,128161,,,,totalTestsViral,1653810,1166,,339,,,,,8/4/2020 12:30,2020-08-04T12:30:00Z,08/04 08:30,2010,,105093,2020-08-04T12:30:00Z,1653810,,,128161,2010,,,,,,,,,,,,,,37,1629,0,128161,19740,128161,,28,0,151e42c16dc951d2c1dbaf7d1a604f47592b4a5d,0,0,0,0,0,
20200803,NC,126532,,,,totalTestsViral,1634070,1057,,318,,,,,8/3/2020 13:10,2020-08-03T13:10:00Z,08/03 09:10,1982,,105093,2020-08-03T13:10:00Z,1634070,,,126532,1982,,,,,,,,,,,,,,37,1313,0,126532,23480,126532,,13,0,7e214eb0d86ae096da9e0824771bcbca093c047e,0,0,0,0,0,
20200802,NC,125219,,,,totalTestsViral,1610590,1142,,341,,,,,8/2/2020 13:30,2020-08-02T13:30:00Z,08/02 09:30,1969,,92302,2020-08-02T13:30:00Z,1610590,,,125219,1969,,,,,,,,,,,,,,37,1341,0,125219,23091,125219,,5,0,8ef22c5c3c7859d8db4b38b8868db26b0d83de70,0,0,0,0,0,
20200801,NC,123878,,,,totalTestsViral,1587499,1151,,349,,,,,8/1/2020 15:45,2020-08-01T15:45:00Z,08/01 11:45,1964,,92302,2020-08-01T15:45:00Z,1587499,,,123878,1964,,,,,,,,,,,,,,37,1730,0,123878,23947,123878,,40,0,9c5f64c77ef79b80c3d9d21a59117361fb1b5c76,0,0,0,0,0,
20200731,NC,122148,,,,totalTestsViral,1563552,1229,,363,,,,,7/31/2020 11:55,2020-07-31T11:55:00Z,07/31 07:55,1924,,92302,2020-07-31T11:55:00Z,1563552,,,122148,1924,,,,,,,,,,,,,,37,1954,0,122148,25438,122148,,21,0,4ceff857f05036f0dde382d91682612e24574d07,0,0,0,0,0,
20200730,NC,120194,,,,totalTestsViral,1538114,1239,,358,,,,,7/30/2020 11:59,2020-07-30T11:59:00Z,07/30 07:59,1903,,92302,2020-07-30T11:59:00Z,1538114,,,120194,1903,,,,,,,,,,,,,,37,2344,0,120194,25175,120194,,38,0,31aa4ea492ad2e88241ab4a1e535db49ba28681f,0,0,0,0,0,
20200729,NC,117850,,,,totalTestsViral,1512939,1291,,361,,,,,7/29/2020 12:10,2020-07-29T12:10:00Z,07/29 08:10,1865,,92302,2020-07-29T12:10:00Z,1512939,,,117850,1865,,,,,,,,,,,,,,37,1763,0,117850,20426,117850,,45,0,c064cad9d03075175a7be35e2e205e3d2fb25a69,0,0,0,0,0,
20200728,NC,116087,,,,totalTestsViral,1492513,1244,,364,,,,,7/28/2020 12:00,2020-07-28T12:00:00Z,07/28 08:00,1820,,92302,2020-07-28T12:00:00Z,1492513,,,116087,1820,,,,,,,,,,,,,,37,1749,0,116087,18738,116087,,30,0,35df5b3f007d622bb1ccd167055b65d8b7015617,0,0,0,0,0,
20200727,NC,114338,,,,totalTestsViral,1473775,1169,,352,,,,,7/27/2020 12:00,2020-07-27T12:00:00Z,07/27 08:00,1790,,92302,2020-07-27T12:00:00Z,1473775,,,114338,1790,,,,,,,,,,,,,,37,1625,0,114338,25642,114338,,5,0,18163eb9757be6a59051aecc6c0f1b02ca4ce1d4,0,0,0,0,0,
20200726,NC,112713,,,,totalTestsViral,1448133,1170,,350,,,,,7/26/2020 11:45,2020-07-26T11:45:00Z,07/26 07:45,1785,,78707,2020-07-26T11:45:00Z,1448133,,,112713,1785,,,,,,,,,,,,,,37,1621,0,112713,23879,112713,,7,0,bab71815730888ecc05f4162b7c64b5554d18402,0,0,0,0,0,
20200725,NC,111092,,,,totalTestsViral,1424254,1168,,362,,,,,7/25/2020 13:00,2020-07-25T13:00:00Z,07/25 09:00,1778,,78707,2020-07-25T13:00:00Z,1424254,,,111092,1778,,,,,,,,,,,,,,37,2097,0,111092,22113,111092,,32,0,7d8563dd53391e122ee1f99c80607ba3becde153,0,0,0,0,0,
20200724,NC,108995,,,,totalTestsViral,1402141,1182,,363,,,,,7/24/2020 11:45,2020-07-24T11:45:00Z,07/24 07:45,1746,,78707,2020-07-24T11:45:00Z,1402141,,,108995,1746,,,,,,,,,,,,,,37,2102,0,108995,26648,108995,,20,0,00663b01ebd83dd1058d508af17e5759e66e0914,0,0,0,0,0,
20200723,NC,106893,,,,totalTestsViral,1375493,1188,,360,,,,,7/23/2020 11:50,2020-07-23T11:50:00Z,07/23 07:50,1726,,78707,2020-07-23T11:50:00Z,1375493,,,106893,1726,,,,,,,,,,,,,,37,1892,0,106893,25652,106893,,28,0,f0763a349c53dba6119733461d12d9969d246935,0,0,0,0,0,
20200722,NC,105001,,,,totalTestsViral,1349841,1137,,338,,,,,7/22/2020 12:10,2020-07-22T12:10:00Z,07/22 08:10,1698,,78707,2020-07-22T12:10:00Z,1349841,,,105001,1698,,,,,,,,,,,,,,37,2140,0,105001,19982,105001,,30,0,b75ba2ecc04a35652f741fc17875a8a382b7ae3f,0,0,0,0,0,
20200721,NC,102861,,,,totalTestsViral,1329859,1179,,,,,,,7/21/2020 12:00,2020-07-21T12:00:00Z,07/21 08:00,1668,,78707,2020-07-21T12:00:00Z,1329859,,,102861,1668,,,,,,,,,,,,,,37,1815,0,102861,21111,102861,,26,0,26be43302f69097d75fd50aafe6ceb9f676988ea,0,0,0,0,0,
20200720,NC,101046,,,,totalTestsViral,1308748,1086,,,,,,,7/20/2020 12:00,2020-07-20T12:00:00Z,07/20 08:00,1642,,78707,2020-07-20T12:00:00Z,1308748,,,101046,1642,,,,,,,,,,,,,,37,1268,0,101046,24440,101046,,8,0,6f62c82d052a8bdd78fb9769a330a2c77e40277e,0,0,0,0,0,
20200719,NC,99778,,,,totalTestsViral,1284308,1115,,,,,,,7/19/2020 12:00,2020-07-19T12:00:00Z,07/19 08:00,1634,,67124,2020-07-19T12:00:00Z,1284308,,,99778,1634,,,,,,,,,,,,,,37,1820,0,99778,25799,99778,,5,0,6dc97253356e235c4a28fd5d0fcc4d515be774a2,0,0,0,0,0,
20200718,NC,97958,,,,totalTestsViral,1258509,1154,,,,,,,7/18/2020 12:10,2020-07-18T12:10:00Z,07/18 08:10,1629,,67124,2020-07-18T12:10:00Z,1258509,,,97958,1629,,,,,,,,,,,,,,37,2481,0,97958,28220,97958,,23,0,1a50e2d1fc8073d828e3ab9e258c239ea3186e10,0,0,0,0,0,
20200717,NC,95477,,,,totalTestsViral,1230289,1180,,,,,,,7/17/2020 11:45,2020-07-17T11:45:00Z,07/17 07:45,1606,,67124,2020-07-17T11:45:00Z,1230289,,,95477,1606,,,,,,,,,,,,,,37,2051,0,95477,22271,95477,,18,0,70f31ed409460af7d5684c9fc0dd8b3f2c7171b4,0,0,0,0,0,
20200716,NC,93426,,,,totalTestsViral,1208018,1134,,,,,,,7/16/2020 11:25,2020-07-16T11:25:00Z,07/16 07:25,1588,,67124,2020-07-16T11:25:00Z,1208018,,,93426,1588,,,,,,,,,,,,,,37,2160,0,93426,23132,93426,,20,0,3c3ddda4abfbfa5119c54c3588bc6ac533ae538b,0,0,0,0,0,
20200715,NC,91266,,,,totalTestsViral,1184886,1142,,,,,,,7/15/2020 12:00,2020-07-15T12:00:00Z,07/15 08:00,1568,,67124,2020-07-15T12:00:00Z,1184886,,,91266,1568,,,,,,,,,,,,,,37,1782,0,91266,23193,91266,,16,0,1d1e752a44accc81ead00013fb5d8da77c6a7b65,0,0,0,0,0,
20200714,NC,89484,,,,totalTestsViral,1161693,1109,,,,,,,7/14/2020 11:30,2020-07-14T11:30:00Z,07/14 07:30,1552,,67124,2020-07-14T11:30:00Z,1161693,,,89484,1552,,,,,,,,,,,,,,37,1956,0,89484,18874,89484,,42,0,3cf3d7cd868e2c9e638b63b71da2e70a3269e67b,0,0,0,0,0,
20200713,NC,87528,,,,totalTestsViral,1142819,1040,,,,,,,7/13/2020 11:40,2020-07-13T11:40:00Z,07/13 07:40,1510,,67124,2020-07-13T11:40:00Z,1142819,,,87528,1510,,,,,,,,,,,,,,37,1827,0,87528,27022,87528,,7,0,f6683d08f59effc53d3102fccaf5841931516289,0,0,0,0,0,
20200712,NC,85701,,,,totalTestsViral,1115797,1070,,,,,,,7/12/2020 11:15,2020-07-12T11:15:00Z,07/12 07:15,1503,,55318,2020-07-12T11:15:00Z,1115797,,,85701,1503,,,,,,,,,,,,,,37,1908,0,85701,24483,85701,,4,0,805258dc5f09ddec46e65672b9cf1e71ddbbe3a1,0,0,0,0,0,
20200711,NC,83793,,,,totalTestsViral,1091314,1093,,,,,,,7/11/2020 12:00,2020-07-11T12:00:00Z,07/11 08:00,1499,,55318,2020-07-11T12:00:00Z,1091314,,,83793,1499,,,,,,,,,,,,,,37,2462,0,83793,22280,83793,,20,0,423a22a257fc2c0f33443e9c00fd17e68167c7f3,0,0,0,0,0,
20200710,NC,81331,,,,totalTestsViral,1069034,1046,,,,,,,7/10/2020 12:00,2020-07-10T12:00:00Z,07/10 08:00,1479,,55318,2020-07-10T12:00:00Z,1069034,,,81331,1479,,,,,,,,,,,,,,37,1982,0,81331,23660,81331,,18,0,0fcadc679446140eb4c773bc50e8e2b8f29e058b,0,0,0,0,0,
20200709,NC,79349,,,,totalTestsViral,1045374,1034,,,,,,,7/9/2020 11:50,2020-07-09T11:50:00Z,07/09 07:50,1461,,55318,2020-07-09T11:50:00Z,1045374,,,79349,1461,,,,,,,,,,,,,,37,2039,0,79349,18338,79349,,20,0,04bca1551241a8cc57ef303b84f1b41c48f24d86,0,0,0,0,0,
20200708,NC,77310,,,,totalTestsViral,1027036,994,,,,,,,7/8/2020 11:55,2020-07-08T11:55:00Z,07/08 07:55,1441,,55318,2020-07-08T11:55:00Z,1027036,,,77310,1441,,,,,,,,,,,,,,37,1435,0,77310,14821,77310,,21,0,c5888de840853277d16a8d66e9302b87c791f054,0,0,0,0,0,
20200707,NC,75875,,,,totalTestsViral,1012215,989,,,,,,,7/7/2020 12:00,2020-07-07T12:00:00Z,07/07 08:00,1420,,55318,2020-07-07T12:00:00Z,1012215,,,75875,1420,,,,,,,,,,,,,,37,1346,0,75875,17129,75875,,22,0,21a4684ea0298790dc3a39877ba05a4f88b693e0,0,0,0,0,0,
20200706,NC,74529,,,,totalTestsViral,995086,982,,,,,,,7/6/2020 12:00,2020-07-06T12:00:00Z,07/06 08:00,1398,,55318,2020-07-06T12:00:00Z,995086,,,74529,1398,,,,,,,,,,,,,,37,1546,0,74529,18885,74529,,2,0,b450faa82a18c4ad27c62f121670ab199da48873,0,0,0,0,0,
20200705,NC,72983,,,,totalTestsViral,976201,949,,,,,,,7/5/2020 11:50,2020-07-05T11:50:00Z,07/05 07:50,1396,,45538,2020-07-05T11:50:00Z,976201,,,72983,1396,,,,,,,,,,,,,,37,1329,0,72983,16908,72983,,1,0,1ef78de0090bb06c1583313f25663d6e85072c4a,0,0,0,0,0,
20200704,NC,71654,,,,totalTestsViral,959293,945,,,,,,,7/4/2020 12:00,2020-07-04T12:00:00Z,07/04 08:00,1395,,45538,2020-07-04T12:00:00Z,959293,,,71654,1395,,,,,,,,,,,,,,37,1413,0,71654,20409,71654,,3,0,ee790ba84c3b3576c7c1b4ff347330a73fcf21c6,0,0,0,0,0,
20200703,NC,70241,,,,totalTestsViral,938884,951,,,,,,,7/3/2020 12:00,2020-07-03T12:00:00Z,07/03 08:00,1392,,45538,2020-07-03T12:00:00Z,938884,,,70241,1392,,,,,,,,,,,,,,37,2099,0,70241,21474,70241,,1,0,12e7af56e9a26ec35f2e51b4f15f575410944d44,0,0,0,0,0,
20200702,NC,68142,,,,totalTestsViral,917410,912,,,,,,,7/2/2020 12:00,2020-07-02T12:00:00Z,07/02 08:00,1391,,45538,2020-07-02T12:00:00Z,917410,,,68142,1391,,,,,,,,,,,,,,37,1629,0,68142,21911,68142,,18,0,8b2aa941ed42c4fcb02f21aa2fd310f06548b1ac,0,0,0,0,0,
20200701,NC,66513,,,,totalTestsViral,895499,901,,,,,,,7/1/2020 12:30,2020-07-01T12:30:00Z,07/01 08:30,1373,,45538,2020-07-01T12:30:00Z,895499,,,66513,1373,,,,,,,,,,,,,,37,1843,0,66513,18461,66513,,30,0,a8e91ded8d7eeb8938073d36bae2e0bc45c36179,0,0,0,0,0,
20200630,NC,64670,,,,totalTestsViral,877038,908,,,,,,,6/30/2020 11:45,2020-06-30T11:45:00Z,06/30 07:45,1343,,45538,2020-06-30T11:45:00Z,877038,,,64670,1343,,,,,,,,,,,,,,37,1186,0,64670,16374,64670,,18,0,8de345d1e7b483b70a8e9256383531f63563746b,0,0,0,0,0,
20200629,NC,63484,,,,totalTestsViral,860664,843,,,,,,,6/28/2020 12:00,2020-06-28T12:00:00Z,06/28 08:00,1325,,45538,2020-06-28T12:00:00Z,860664,,,63484,1325,,,,,,,,,,,,,,37,1342,0,63484,17548,63484,,3,0,6fedb9935f5324f45a85238b9ad109006c3f7eca,0,0,0,0,0,
20200628,NC,62142,,,,totalTestsViral,843116,890,,,,,,,6/28/2020 12:00,2020-06-28T12:00:00Z,06/28 08:00,1322,,36921,2020-06-28T12:00:00Z,843116,,,62142,1322,,,,,,,,,,,,,,37,1605,0,62142,20411,62142,,10,0,5b8ae343f5b8fc431478751be7945f9250b8aa21,0,0,0,0,0,
20200627,NC,60537,,,,totalTestsViral,822705,888,,,,,,,6/27/2020 12:00,2020-06-27T12:00:00Z,06/27 08:00,1312,,36921,2020-06-27T12:00:00Z,822705,,,60537,1312,,,,,,,,,,,,,,37,1719,0,60537,19149,60537,,9,0,88db139f7216a7408042869b1f3bade1bb096372,0,0,0,0,0,
20200626,NC,58818,,,,totalTestsViral,803556,892,,,,,,,6/26/2020 11:55,2020-06-26T11:55:00Z,06/26 07:55,1303,,36921,2020-06-26T11:55:00Z,803556,,,58818,1303,,,,,,,,,,,,,,37,1635,0,58818,21238,58818,,19,0,d84fb94f5cc84272b3daabf6a426af5fe2cd82ec,0,0,0,0,0,
20200625,NC,57183,,,,totalTestsViral,782318,891,,,,,,,6/25/2020 12:00,2020-06-25T12:00:00Z,06/25 08:00,1284,,36921,2020-06-25T12:00:00Z,782318,,,57183,1284,,,,,,,,,,,,,,37,1009,0,57183,18527,57183,,18,0,7afed13a41170dc205afae36bda06ab765189e8f,0,0,0,0,0,
20200624,NC,56174,,,,totalTestsViral,763791,906,,,,,,,6/24/2020 12:00,2020-06-24T12:00:00Z,06/24 08:00,1266,,36921,2020-06-24T12:00:00Z,763791,,,56174,1266,,,,,,,,,,,,,,37,1721,0,56174,15713,56174,,15,0,25996bc80699ac5085f282aeded301ff37d17a4a,0,0,0,0,0,
20200623,NC,54453,,,,totalTestsViral,748078,915,,,,,,,6/23/2020 11:55,2020-06-23T11:55:00Z,06/23 07:55,1251,,36921,2020-06-23T11:55:00Z,748078,,,54453,1251,,,,,,,,,,,,,,37,848,0,54453,11253,54453,,28,0,607cedbb6e721c938ef564e5f0c421e121afdf6c,0,0,0,0,0,
20200622,NC,53605,,,,totalTestsViral,736825,870,,,,,,,6/22/2020 11:35,2020-06-22T11:35:00Z,06/22 07:35,1223,,36921,2020-06-22T11:35:00Z,736825,,,53605,1223,,,,,,,,,,,,,,37,804,0,53605,18129,53605,,3,0,b42391ae48f8f602c7ada99d917402c494f51c05,0,0,0,0,0,
20200621,NC,52801,,,,totalTestsViral,718696,845,,,,,,,6/21/2020 12:00,2020-06-21T12:00:00Z,06/21 08:00,1220,,29219,2020-06-21T12:00:00Z,718696,,,52801,1220,,,,,,,,,,,,,,37,1412,0,52801,15400,52801,,8,0,8826ea481c342d3bdf5cb280473c9f44bf0602ae,0,0,0,0,0,
20200620,NC,51389,,,,totalTestsViral,703296,883,,,,,,,6/20/2020 11:55,2020-06-20T11:55:00Z,06/20 07:55,1212,,29219,2020-06-20T11:55:00Z,703296,,,51389,1212,,,,,,,,,,,,,,37,1549,0,51389,24377,51389,,15,0,0f984616647c9e1a70f2eafaed933894157c1d8e,0,0,0,0,0,
20200619,NC,49840,,,,totalTestsViral,678919,871,,,,,,,6/19/2020 11:55,2020-06-19T11:55:00Z,06/19 07:55,1197,,29219,2020-06-19T11:55:00Z,678919,,,49840,1197,,,,,,,,,,,,,,37,1652,0,49840,21412,49840,,22,0,441e78e56f66a0f1c114494f6d9f25e3c98eefe1,0,0,0,0,0,
20200618,NC,48188,,,,totalTestsViral,657507,857,,,,,,,6/18/2020 12:00,2020-06-18T12:00:00Z,06/18 08:00,1175,,29219,2020-06-18T12:00:00Z,657507,,,48188,1175,,,,,,,,,,,,,,37,1333,0,48188,17071,48188,,7,0,5b6073cb7f72664d29d32123ef18076046a1f9eb,0,0,0,0,0,
20200617,NC,46855,,,,totalTestsViral,640436,846,,,,,,,6/17/2020 12:00,2020-06-17T12:00:00Z,06/17 08:00,1168,,29219,2020-06-17T12:00:00Z,640436,,,46855,1168,,,,,,,,,,,,,,37,1002,0,46855,13726,46855,,14,0,6a1033d40bce8ae66aba05cf502281ce3ac8a9cf,0,0,0,0,0,
20200616,NC,45853,,,,totalTestsViral,626710,829,,,,,,,6/16/2020 00:00,2020-06-16T00:00:00Z,06/15 20:00,1154,,29219,2020-06-16T00:00:00Z,626710,,,45853,1154,,,,,,,,,,,,,,37,751,0,45853,12694,45853,,36,0,726b153fd5e65634e737b9c71d1bb83ac389b7d7,0,0,0,0,0,
20200615,NC,45102,,,,totalTestsViral,614016,797,,,,,,,6/15/2020 11:40,2020-06-15T11:40:00Z,06/15 07:40,1118,,29219,2020-06-15T11:40:00Z,614016,,,45102,1118,,,,,,,,,,,,,,37,983,0,45102,13541,45102,,9,0,981663aa8e58d6f53ab9dee828008dd57ac94e89,0,0,0,0,0,
20200614,NC,44119,,,,totalTestsViral,600475,798,,,,,,,6/14/2020 12:00,2020-06-14T12:00:00Z,06/14 08:00,1109,,23653,2020-06-14T12:00:00Z,600475,,,44119,1109,,,,,,,,,,,,,,37,1443,0,44119,16049,44119,,5,0,60861767e91a5cd23a6943ba2f01fa329e8c21e2,0,0,0,0,0,
20200613,NC,42676,,,,totalTestsViral,584426,823,,,,,,,6/13/2020 12:07,2020-06-13T12:07:00Z,06/13 08:07,1104,,23653,2020-06-13T12:07:00Z,584426,,,42676,1104,,,,,,,,,,,,,,37,1427,0,42676,22126,42676,,12,0,207108d3f33d556dc6dd78514769aba69d1d4fc4,0,0,0,0,0,
20200612,NC,41249,,,,totalTestsViral,562300,760,,,,,,,6/12/2020 12:12,2020-06-12T12:12:00Z,06/12 08:12,1092,,23653,2020-06-12T12:12:00Z,562300,,,41249,1092,,,,,,,,,,,,,,37,1768,0,41249,19471,41249,,28,0,aff72ad7836f9199f348774abfd3e521a3f5078a,0,0,0,0,0,
20200611,NC,39481,,,,totalTestsViral,542829,812,,,,,,,6/11/2020 11:50,2020-06-11T11:50:00Z,06/11 07:50,1064,,23653,2020-06-11T11:50:00Z,542829,,,39481,1064,,,,,,,,,,,,,,37,1310,0,39481,15356,39481,,11,0,bf60bc940963f6d0164f639763d55f6f6985a3c1,0,0,0,0,0,
20200610,NC,38171,,,,totalTestsViral,527473,780,,,,,,,6/10/2020 11:50,2020-06-10T11:50:00Z,06/10 07:50,1053,,23653,2020-06-10T11:50:00Z,527473,,,38171,1053,,,,,,,,,,,,,,37,1011,0,38171,15719,38171,,24,0,fffa294a42b4869e817b05bb3cf7e0c2ad0ed90d,0,0,0,0,0,
20200609,NC,37160,,,,totalTestsViral,511754,774,,,,,,,6/9/2020 12:00,2020-06-09T12:00:00Z,06/09 08:00,1029,,23653,2020-06-09T12:00:00Z,511754,,,37160,1029,,,,,,,,,,,,,,37,676,0,37160,9326,37160,,23,0,21ee4cdd3a582d3a09d2d4b625d81be3844289ca,0,0,0,0,0,
20200608,NC,36484,,,,totalTestsViral,502428,739,,,,,,,6/8/2020 11:30,2020-06-08T11:30:00Z,06/08 07:30,1006,,23653,2020-06-08T11:30:00Z,502428,,,36484,1006,,,,,,,,,,,,,,37,938,0,36484,12929,36484,,10,0,7ec60e234a52bf5d3250ea79bdb987f279184bc6,0,0,0,0,0,
20200607,NC,35546,,,,totalTestsViral,489499,696,,,,,,,6/6/2020 11:15,2020-06-06T11:15:00Z,06/06 07:15,996,,18860,2020-06-06T11:15:00Z,489499,,,35546,996,,,,,,,,,,,,,,37,921,0,35546,15790,35546,,4,0,2a8c53c86187c551019e1c93d8eca2dd27448e86,0,0,0,0,0,
20200606,NC,34625,,,,totalTestsViral,473709,708,,,,,,,6/6/2020 11:15,2020-06-06T11:15:00Z,06/06 07:15,992,,18860,2020-06-06T11:15:00Z,473709,,,34625,992,,,,,,,,,,,,,,37,1370,0,34625,12921,34625,,26,0,7bb7834a312e54c5b0ddbbb26d3a8a60a542c150,0,0,0,0,0,
20200605,NC,33255,,,,totalTestsViral,460788,717,,,,,,,6/5/2020 12:15,2020-06-05T12:15:00Z,06/05 08:15,966,,18860,2020-06-05T12:15:00Z,460788,,,33255,966,,,,,,,,,,,,,,37,1289,0,33255,18746,33255,,6,0,7a6a318d917b938dbd61a67d4602ff00e5daf55c,0,0,0,0,0,
20200604,NC,31966,,,,totalTestsViral,442042,659,,,,,,,6/4/2020 12:05,2020-06-04T12:05:00Z,06/04 08:05,960,,18860,2020-06-04T12:05:00Z,442042,,,31966,960,,,,,,,,,,,,,,37,1189,0,31966,12966,31966,,21,0,8ba7cdb593c0b50515329ca8a51a8ca3a7574d3b,0,0,0,0,0,
20200603,NC,30777,,,,totalTestsViral,429076,684,,,,,,,6/3/2020 12:25,2020-06-03T12:25:00Z,06/03 08:25,939,,18860,2020-06-03T12:25:00Z,429076,,,30777,939,,,,,,,,,,,,,,37,888,0,30777,12313,30777,,18,0,f9b6f7e94e97437e2fc2d5d103ac582b1972b45b,0,0,0,0,0,
20200602,NC,29889,,,,totalTestsViral,416763,716,,,,,,,6/2/2020 12:25,2020-06-02T12:25:00Z,06/02 08:25,921,,18860,2020-06-02T12:25:00Z,416763,,,29889,921,,,,,,,,,,,,,,37,626,0,29889,4552,29889,,23,0,953656af6fc4d312e1921160e1ae538239b80967,0,0,0,0,0,
20200601,NC,29263,,,,totalTestsViral,412211,650,,,,,,,6/1/2020 10:50,2020-06-01T10:50:00Z,06/01 06:50,898,,18860,2020-06-01T10:50:00Z,412211,,,29263,898,,,,,,,,,,,,,,37,674,0,29263,13931,29263,,12,0,58815d03b3c9f7f455ffa88df4f1ec7a5c2eded0,0,0,0,0,0,
20200531,NC,28589,,,,totalTestsViral,398280,649,,,,,,,5/31/2020 11:24,2020-05-31T11:24:00Z,05/31 07:24,886,,14954,2020-05-31T11:24:00Z,398280,,,28589,886,,,,,,,,,,,,,,37,916,0,28589,11978,28589,,9,0,1efa00a286ebbba70bfa926475a7b168383f19f6,0,0,0,0,0,
20200530,NC,27673,,,,totalTestsViral,386302,638,,,,,,,5/30/2020 11:20,2020-05-30T11:20:00Z,05/30 07:20,877,,14954,2020-05-30T11:20:00Z,386302,,,27673,877,,,,,,,,,,,,,,37,1185,0,27673,16706,27673,,18,0,28faf08afaa107f15914ef32a42b52ac95ffebfd,0,0,0,0,0,
20200529,NC,26488,,,,totalTestsViral,369596,680,,,,,,,5/29/2020 10:55,2020-05-29T10:55:00Z,05/29 06:55,859,,14954,2020-05-29T10:55:00Z,369596,,,26488,859,,,,,,,,,,,,,,37,1076,0,26488,10116,26488,,32,0,5531579c2318728a14be8a5d9d10ddc7df9ef19b,0,0,0,0,0,
20200528,NC,25412,,,,totalTestsViral,359480,708,,,,,,,5/28/2020 10:30,2020-05-28T10:30:00Z,05/28 06:30,827,,14954,2020-05-28T10:30:00Z,359480,,,25412,827,,,,,,,,,,,,,,37,784,0,25412,11573,25412,,33,0,04543a3e49703b42c7fbf5cf829f83513c963744,0,0,0,0,0,
20200527,NC,24628,,,,totalTestsViral,347907,702,,,,,,,5/27/2020 11:00,2020-05-27T11:00:00Z,05/27 07:00,794,,14954,2020-05-27T11:00:00Z,347907,,,24628,794,,,,,,,,,,,,,,37,488,0,24628,3571,24628,,28,0,063efba5f887aae5724cca694df906a105a125d1,0,0,0,0,0,
20200526,NC,24140,,,,totalTestsViral,344336,621,,,,,,,5/26/2020 11:00,2020-05-26T11:00:00Z,05/26 07:00,766,,14954,2020-05-26T11:00:00Z,344336,,,24140,766,,,,,,,,,,,,,,37,176,0,24140,7748,24140,,12,0,c11c45a2c9ab500b9f181b199b01fada28f66b95,0,0,0,0,0,
20200525,NC,23964,,,,totalTestsViral,336588,627,,,,,,,5/25/2020 10:55,2020-05-25T10:55:00Z,05/25 06:55,754,,14954,2020-05-25T10:55:00Z,336588,,,23964,754,,,,,,,,,,,,,,37,742,0,23964,7154,23964,,10,0,cf07bd38ccf29f0f5c389dfda7f79ee5a93ce82f,0,0,0,0,0,
20200524,NC,23222,,,,totalTestsViral,329434,587,,,,,,,5/24/2020 11:15,2020-05-24T11:15:00Z,05/24 07:15,744,,11637,2020-05-24T11:15:00Z,329434,,,23222,744,,,,,,,,,,,,,,37,497,0,23222,9046,23222,,7,0,f464d846173c47e717d60b61aff3421c9fcbe02c,0,0,0,0,0,
20200523,NC,22725,,,,totalTestsViral,320388,589,,,,,,,5/23/2020 11:33,2020-05-23T11:33:00Z,05/23 07:33,737,,11637,2020-05-23T11:33:00Z,320388,,,22725,737,,,,,,,,,,,,,,37,1107,0,22725,11829,22725,,9,0,3382ed406a584e495c090b6e64fe710dc7ddb8c5,0,0,0,0,0,
20200522,NC,21618,,,,totalTestsViral,308559,568,,,,,,,5/22/2020 10:51,2020-05-22T10:51:00Z,05/22 06:51,728,,11637,2020-05-22T10:51:00Z,308559,,,21618,728,,,,,,,,,,,,,,37,758,0,21618,10185,21618,,12,0,a6ca97bba51f488add36f22cd2b7d409827b1b74,0,0,0,0,0,
20200521,NC,20860,,,,totalTestsViral,298374,578,,,,,,,5/21/2020 13:50,2020-05-21T13:50:00Z,05/21 09:50,716,,11637,2020-05-21T13:50:00Z,298374,,,20860,716,,,,,,,,,,,,,,37,738,0,20860,12313,20860,,14,0,d836fa43f1d57126eb506d305e1cc7d561d52449,0,0,0,0,0,
20200520,NC,20122,,,,totalTestsViral,286061,554,,,,,,,5/20/2020 12:15,2020-05-20T12:15:00Z,05/20 08:15,702,,11637,2020-05-20T12:15:00Z,286061,,,20122,702,,,,,,,,,,,,,,37,422,0,20122,8647,20122,,11,0,40a6b6a9acae68deea4a198542b20f853de57b74,0,0,0,0,0,
20200519,NC,19700,,,,totalTestsViral,277414,585,,,,,,,5/19/2020 14:00,2020-05-19T14:00:00Z,05/19 10:00,691,,11637,2020-05-19T14:00:00Z,277414,,,19700,691,,,,,,,,,,,,,,37,677,0,19700,8397,19700,,30,0,febe7b046ed1fc6006ef5de2528c57fd5a16ccde,0,0,0,0,0,
20200518,NC,19023,,,,totalTestsViral,269017,511,,,,,,,5/18/2020 11:00,2020-05-18T11:00:00Z,05/18 07:00,661,,11637,2020-05-18T11:00:00Z,269017,,,19023,661,,,,,,,,,,,,,,37,511,0,19023,9508,19023,,2,0,a5cd03403e1de0cefd83ff48ee07bf3703a78f0c,0,0,0,0,0,
20200517,NC,18512,,,,totalTestsViral,259509,493,,,,,,,5/17/2020 11:00,2020-05-17T11:00:00Z,05/17 07:00,659,,9115,2020-05-17T11:00:00Z,259509,,,18512,659,,,,,,,,,,,,,,37,530,0,18512,10708,18512,,7,0,bbb2bb7208879df174a89092fb1302635672fda5,0,0,0,0,0,
20200516,NC,17982,,,,totalTestsViral,248801,481,,,,,,,5/16/2020 11:00,2020-05-16T11:00:00Z,05/16 07:00,652,,9115,2020-05-16T11:00:00Z,248801,,,17982,652,,,,,,,,,,,,,,37,853,0,17982,13923,17982,,11,0,4a2b06553043092c614ab52c0d0df39eb931530b,0,0,0,0,0,
20200515,NC,17129,,,,totalTestsViral,234878,492,,,,,,,5/15/2020 11:00,2020-05-15T11:00:00Z,05/15 07:00,641,,9115,2020-05-15T11:00:00Z,234878,,,17129,641,,,,,,,,,,,,,,37,622,0,17129,9317,17129,,26,0,908c328bb3d26ad13f1126ea6762d2bd0dff2366,0,0,0,0,0,
20200514,NC,16507,,,,totalTestsViral,225561,507,,,,,,,5/14/2020 11:00,2020-05-14T11:00:00Z,05/14 07:00,615,,9115,2020-05-14T11:00:00Z,225561,,,16507,615,,,,,,,,,,,,,,37,691,0,16507,7919,16507,,18,0,320404e6a374d7a08c719be87becb1e2411ee985,0,0,0,0,0,
20200513,NC,15816,,,,totalTestsViral,217642,521,,,,,,,5/13/2020 10:40,2020-05-13T10:40:00Z,05/13 06:40,597,,9115,2020-05-13T10:40:00Z,217642,,,15816,597,,,,,,,,,,,,,,37,470,0,15816,6686,15816,,20,0,2eff6fc982529650872aaff132bf526fdbd83d1d,0,0,0,0,0,
20200512,NC,15346,,,,totalTestsViral,210956,475,,,,,,,5/12/2020 11:00,2020-05-12T11:00:00Z,05/12 07:00,577,,9115,2020-05-12T11:00:00Z,210956,,,15346,577,,,,,,,,,,,,,,37,301,0,15346,2741,15346,,27,0,9c6c9e9751c53cb97951ed9f2c8855aabd4c16fd,0,0,0,0,0,
20200511,NC,15045,,,,totalTestsViral,208215,464,,,,,,,5/11/2020 14:00,2020-05-11T14:00:00Z,05/11 10:00,550,,9115,2020-05-11T14:00:00Z,208215,,,15045,550,,,,,,,,,,,,,,37,281,0,15045,5318,15045,,3,0,1337d87dd1a6c8efc451b76839fcf9b7cc3fd484,0,0,0,0,0,
20200510,NC,14764,,,,totalTestsViral,202897,442,,,,,,,5/10/2020 11:00,2020-05-10T11:00:00Z,05/10 07:00,547,,,2020-05-10T11:00:00Z,202897,,,14764,547,,,,,,,,,,,,,,37,404,0,14764,7457,14764,,3,0,484bb09376431bd767b9eccba76f88f49516b3d8,0,0,0,0,0,
20200509,NC,14360,,,,totalTestsViral,195440,513,,,,,,,5/9/2020 10:45,2020-05-09T10:45:00Z,05/09 06:45,544,,,2020-05-09T10:45:00Z,195440,,,14360,544,,,,,,,,,,,,,,37,492,0,14360,7917,14360,,17,0,1a38b65700b4ff1bdf338939d15606e21a07a704,0,0,0,0,0,
20200508,NC,13868,,,,totalTestsViral,187523,515,,,,,,,5/8/2020 11:00,2020-05-08T11:00:00Z,05/08 07:00,527,,,2020-05-08T11:00:00Z,187523,,,13868,527,,,,,,,,,,,,,,37,471,0,13868,6871,13868,,20,0,26410c938ee6d3d8a86a2092384fc993d784c1dc,0,0,0,0,0,
20200507,NC,13397,,,,totalTestsViral,180652,525,,,,,,,5/7/2020 11:00,2020-05-07T11:00:00Z,05/07 07:00,507,,,2020-05-07T11:00:00Z,180652,,,13397,507,,,,,,,,,,,,,,37,639,0,13397,9330,13397,,30,0,b9f4a33daf838e4fbc254a78c83ba70a5739a466,0,0,0,0,0,
20200506,NC,12758,,,,totalTestsViral,171322,516,,,,,,,5/6/2020 10:45,2020-05-06T10:45:00Z,05/06 06:45,477,,,2020-05-06T10:45:00Z,171322,,,12758,477,,,,,,,,,,,,,,37,502,0,12758,5972,12758,,25,0,159dad0477afe4f2eb71a13222752895efc94ea7,0,0,0,0,0,
20200505,NC,12256,,,,totalTestsViral,165350,534,,,,,,,5/5/2020 11:00,2020-05-05T11:00:00Z,05/05 07:00,452,,,2020-05-05T11:00:00Z,165350,,,12256,452,,,,,,,,,,,,,,37,408,0,12256,2701,12256,,22,0,35c81e52d9de08c0b65c9ee347e1271603a4c4d7,0,0,0,0,0,
20200504,NC,11848,,,,totalTestsViral,162649,498,,,,,,,5/4/2020 10:50,2020-05-04T10:50:00Z,05/04 06:50,430,,,2020-05-04T10:50:00Z,162649,,,11848,430,,,,,,,,,,,,,,37,184,0,11848,5202,11848,,8,0,b8b7010cb73342951f0a809147573f61114f6f67,0,0,0,0,0,
20200503,NC,11664,,,,totalTestsViral,157447,475,,,,,,,5/3/2020 11:00,2020-05-03T11:00:00Z,05/03 07:00,422,,,2020-05-03T11:00:00Z,157447,,,11664,422,,,,,,,,,,,,,,37,155,0,11664,5961,11664,,2,0,2781345fda6904e140e03bd116cc3563f9a26854,0,0,0,0,0,
20200502,NC,11509,,,,totalTestsViral,151486,502,,,,,,,5/2/2020 11:00,2020-05-02T11:00:00Z,05/02 07:00,420,,,2020-05-02T11:00:00Z,151486,,,11509,,,,,,,,,,,,,,,37,586,0,11509,5490,11509,,21,0,ac756f133a09c3f89db4ac404fa8c2204cff68e4,0,0,0,0,0,
20200501,NC,10923,,,,totalTestsViral,145996,547,,,,,,,5/1/2020 11:00,2020-05-01T11:00:00Z,05/01 07:00,399,,,2020-05-01T11:00:00Z,145996,,,10923,,,,,,,,,,,,,,,37,414,0,10923,6598,10923,,21,0,7a85b330020b7ccaeb3e3ccba1d3c518e8bae3fb,0,0,0,0,0,
20200430,NC,10509,,,,totalTestsViral,139398,546,,,,,,,4/30/2020 11:00,2020-04-30T11:00:00Z,04/30 07:00,378,,,2020-04-30T11:00:00Z,139398,,,10509,,,,,,,,,,,,,,,37,561,0,10509,5318,10509,,24,0,55fa4f0256bf8110b06c1a0d9b37d2f1c094989f,0,0,0,0,0,
20200429,NC,9948,,,,totalTestsViral,134080,551,,,,,,,4/29/2020 11:00,2020-04-29T11:00:00Z,04/29 07:00,354,,,2020-04-29T11:00:00Z,134080,,,9948,,,,,,,,,,,,,,,37,380,0,9948,3751,9948,,12,0,73b18c68eb7ae0aa1c848265b2feb3f5c1a27450,0,0,0,0,0,
20200428,NC,9568,,,,totalTestsViral,130329,463,,,,,,,4/28/2020 11:00,2020-04-28T11:00:00Z,04/28 07:00,342,,,2020-04-28T11:00:00Z,130329,,,,,,,,,,,,,,,,,,37,426,0,9568,2134,9568,,36,0,42e8d1e8126c6af3d8cff6987d73faf16f845291,0,0,0,0,0,
20200427,NC,9142,,,,totalTestsViral,128195,473,,,,,,,4/27/2020 10:20,2020-04-27T10:20:00Z,04/27 06:20,306,,,2020-04-27T10:20:00Z,128195,,,,,,,,,,,,,,,,,,37,312,0,9142,2985,9142,,7,0,270e227d834607a5136f4ca71ea910a67e0533d2,0,0,0,0,0,
20200426,NC,8830,,,,totalTestsViral,125210,451,,,,,,,4/26/2020 11:00,2020-04-26T11:00:00Z,04/26 07:00,299,,,2020-04-26T11:00:00Z,125210,,,,,,,,,,,,,,,,,,37,207,0,8830,5298,8830,,10,0,ae8462074a100ba78739a78913c22f0bcd13cf07,0,0,0,0,0,
20200425,NC,8623,,,,totalTestsViral,119912,456,,,,,,,4/25/2020 11:00,2020-04-25T11:00:00Z,04/25 07:00,289,,,2020-04-25T11:00:00Z,119912,,,,,,,,,,,,,,,,,,37,571,0,8623,4788,8623,,20,0,b2e5ab0c46067be050e425657078b9e865bd2292,0,0,0,0,0,
20200424,NC,8052,,,,totalTestsViral,115124,477,,,,,,,4/24/2020 11:00,2020-04-24T11:00:00Z,04/24 07:00,269,,,2020-04-24T11:00:00Z,115124,,,,,,,,,,,,,,,,,,37,444,0,8052,6406,8052,,16,0,fc5e69e4e1cf1b9a6c6ad060aa9339adc311321b,0,0,0,0,0,
20200423,NC,7608,,,,totalTestsViral,108718,486,,,,,,,4/23/2020 11:00,2020-04-23T11:00:00Z,04/23 07:00,253,,,2020-04-23T11:00:00Z,108718,,,,,,,,,,,,,,,,,,37,388,0,7608,7796,7608,,11,0,06586715b68009a05f605756c98e31696663b7f9,0,0,0,0,0,
20200422,NC,7220,,,,totalTestsViral,100922,434,,,,,,,4/22/2020 11:00,2020-04-22T11:00:00Z,04/22 07:00,242,,,2020-04-22T11:00:00Z,100922,,,,,,,,,,,,,,,,,,37,269,0,7220,4520,7220,,29,0,0994e00e42fba2e4587459c99777234deece2790,0,0,0,0,0,
20200421,NC,6951,,,,totalTestsViral,96402,427,,,,,,,4/21/2020 10:35,2020-04-21T10:35:00Z,04/21 06:35,213,,,2020-04-21T10:35:00Z,96402,,,,,,,,,,,,,,,,,,37,187,0,6951,773,6951,,34,0,d2265e8e5b95c6696df95aa2711e34a6253cc9eb,0,0,0,0,0,
20200420,NC,6764,,,,totalTestsViral,95629,373,,,,,,,4/20/2020 10:35,2020-04-20T10:35:00Z,04/20 06:35,179,,,2020-04-20T10:35:00Z,95629,,,,,,,,,,,,,,,,,,37,271,0,6764,2592,6764,,7,0,09bc6975204dc73b27be6f6202174db4da088cce,0,0,0,0,0,
20200419,NC,6493,,,,totalTestsViral,93037,465,,,,,,,4/19/2020 11:00,2020-04-19T11:00:00Z,04/19 07:00,172,,,2020-04-19T11:00:00Z,93037,,,,,,,,,,,,,,,,,,37,353,0,6493,3600,6493,,8,0,68d676c6941bb37a2d809b5ad06c8b8e91c2ad8d,0,0,0,0,0,
20200418,NC,6140,,,,totalTestsViral,89437,388,,,,,,,4/18/2020 11:00,2020-04-18T11:00:00Z,04/18 07:00,164,,,2020-04-18T11:00:00Z,89437,,,,,,,,,,,,,,,,,,37,281,0,6140,2472,6140,,12,0,d08df0c8190089f0dc3f5ac63c6b6ab71b3e5a5d,0,0,0,0,0,
20200417,NC,5859,,,,totalTestsViral,86965,429,,,,,,,4/17/2020 11:00,2020-04-17T11:00:00Z,04/17 07:00,152,,,2020-04-17T11:00:00Z,86965,,,,,,,,,,,,,,,,,,37,394,0,5859,3576,5859,,21,0,37cdf1204e1c43d8c2ca111409d8622b26fd64be,0,0,0,0,0,
20200416,NC,5465,,,,totalTestsViral,83389,452,,,,,,,4/16/2020 10:45,2020-04-16T10:45:00Z,04/16 06:45,131,,,2020-04-16T10:45:00Z,83389,,,,,,,,,,,,,,,,,,37,342,0,5465,3215,5465,,14,0,151b82c3713ca184b42e64162e6173abde2cc619,0,0,0,0,0,
20200415,NC,5123,,,,totalTestsViral,80174,431,,,,,,,4/15/2020 11:00,2020-04-15T11:00:00Z,04/15 07:00,117,,,2020-04-15T11:00:00Z,80174,,,,,,,,,,,,,,,,,,37,99,0,5123,1968,5123,,9,0,927b82aab442240a4d5af772221c882684af10db,0,0,0,0,0,
20200414,NC,5024,,,,totalTestsViral,78206,418,,,,,,,4/14/2020 11:00,2020-04-14T11:00:00Z,04/14 07:00,108,,,2020-04-14T11:00:00Z,78206,,,,,,,,,,,,,,,,,,37,208,0,5024,1298,5024,,22,0,92ec8b8a1cad21ace04b8e3b07af6e938e953448,0,0,0,0,0,
20200413,NC,4816,,,,totalTestsViral,76908,313,,,,,,,4/13/2020 11:00,2020-04-13T11:00:00Z,04/13 07:00,86,,,2020-04-13T11:00:00Z,76908,,,,,,,,,,,,,,,,,,37,296,0,4816,7999,4816,,5,0,a72448a67ba1871f2f7edfdd18c9287309102905,0,0,0,0,0,
20200412,NC,4520,,,,totalTestsViral,68909,331,,,,,,,4/12/2020 10:45,2020-04-12T10:45:00Z,04/12 06:45,81,,,2020-04-12T10:45:00Z,68909,,,,,,,,,,,,,,,,,,37,208,0,4520,2875,4520,,1,0,2857b3cd8fb99954742e2f32e6539ddcaed9b25f,0,0,0,0,0,
20200411,NC,4312,,,,totalTestsViral,66034,362,,,,,,,4/11/2020 11:00,2020-04-11T11:00:00Z,04/11 07:00,80,,,2020-04-11T11:00:00Z,66034,,,,,,,,,,,,,,,,,,37,404,0,4312,10211,4312,,6,0,365470f5ff978e7f81d244a1beb876c50c557220,0,0,0,0,0,
20200410,NC,3908,,,,totalTestsViral,55823,423,,,,,,,4/10/2020 11:00,2020-04-10T11:00:00Z,04/10 07:00,74,,,2020-04-10T11:00:00Z,55823,,,,,,,,,,,,,,,,,,37,257,0,3908,5262,3908,,9,0,7d8a9308a21e683945d830cc40f539bc61c915ec,0,0,0,0,0,
20200409,NC,3651,,,,totalTestsViral,50561,398,,,,,,,4/9/2020 11:00,2020-04-09T11:00:00Z,04/09 07:00,65,,,2020-04-09T11:00:00Z,50561,,,,,,,,,,,,,,,,,,37,225,0,3651,2431,3651,,12,0,e4945f4c495972f8ee688ff9410e1cdc55f98639,0,0,0,0,0,
20200408,NC,3426,,,,totalTestsViral,48130,386,,,,,,,4/8/2020 11:00,2020-04-08T11:00:00Z,04/08 07:00,53,,,2020-04-08T11:00:00Z,48130,,,,,,,,,,,,,,,,,,37,205,0,3426,913,3426,,7,0,2778aa5315b0eea08e42160d2c12730af0718423,0,0,0,0,0,
20200407,NC,3221,,,,totalTestsViral,47217,354,,,,,,,4/7/2020 10:15,2020-04-07T10:15:00Z,04/07 06:15,46,,,2020-04-07T10:15:00Z,47217,,,,,,,,,,,,,,,,,,37,351,0,3221,852,3221,,13,0,304dd40c851ab531c0636aec7fac5d3221b5a710,0,0,0,0,0,
20200406,NC,2870,,,,totalTestsViral,46365,270,,,,,,,4/6/2020 11:00,2020-04-06T11:00:00Z,04/06 07:00,33,,,2020-04-06T11:00:00Z,46365,,,,,,,,,,,,,,,,,,37,285,0,2870,1343,2870,,2,0,8f6b115e268b54e49ae2838682a32920ac58b7a5,0,0,0,0,0,
20200405,NC,2585,,,,totalTestsViral,45022,261,,,,,,,4/5/2020 11:00,2020-04-05T11:00:00Z,04/05 07:00,31,,,2020-04-05T11:00:00Z,45022,,,,,,,,,,,,,,,,,,37,183,0,2585,7629,2585,,7,0,afdcc9ed4a72ce702026f8402e6156e09a649809,0,0,0,0,0,
20200404,NC,2402,,,,totalTestsViral,37393,271,,,,,,,4/4/2020 11:00,2020-04-04T11:00:00Z,04/04 07:00,24,,,2020-04-04T11:00:00Z,37393,,,,,,,,,,,,,,,,,,37,309,0,2402,3404,2402,,5,0,fe615de7c4e32e123d93fc4021912c80820f3d2c,0,0,0,0,0,
20200403,NC,2093,,,,totalTestsViral,33989,184,,,,,,,4/3/2020 13:55,2020-04-03T13:55:00Z,04/03 09:55,19,,,2020-04-03T13:55:00Z,33989,,,,,,,,,,,,,,,,,,37,236,0,2093,2883,2093,,3,0,f7888b502c061bb63b143af1f28ce3f918de7f34,0,0,0,0,0,
20200402,NC,1857,,,,totalTestsViral,31106,184,,,,,,,4/2/2020 14:00,2020-04-02T14:00:00Z,04/02 10:00,16,,,2020-04-02T14:00:00Z,31106,,,,,,,,,,,,,,,,,,37,273,0,1857,3435,1857,,6,0,939f48d42b6dfafda827f9a17bc728629d74d40e,0,0,0,0,0,
20200401,NC,1584,,,,totalTestsViral,27671,204,,,,,,,4/1/2020 11:00,2020-04-01T11:00:00Z,04/01 07:00,10,,,2020-04-01T11:00:00Z,27671,,,,,,,,,,,,,,,,,,37,86,0,1584,2787,1584,,2,0,95acc4e49c1959b4d06c6a6e8badbdd8275554e1,0,0,0,0,0,
20200331,NC,1498,,,,totalTestsViral,24884,157,,,,,,,3/31/2020 09:05,2020-03-31T09:05:00Z,03/31 05:05,8,,,2020-03-31T09:05:00Z,24884,,,,,,,,,,,,,,,,,,37,191,0,1498,2082,1498,,2,0,1608ff157a903c53e1abae6aba318f54e91b76f6,0,0,0,0,0,
20200330,NC,1307,,,,totalTestsViral,22802,137,,,,,,,3/30/2020 11:00,2020-03-30T11:00:00Z,03/30 07:00,6,,,2020-03-30T11:00:00Z,22802,,,,,,,,,,,,,,,,,,37,267,0,1307,1638,1307,,2,0,7bd44d4cfde0994d6090018081cee005dd55fd13,0,0,0,0,0,
20200329,NC,1040,,,,totalTestsViral,21164,91,,,,,,,3/29/2020 10:35,2020-03-29T10:35:00Z,03/29 06:35,4,,,2020-03-29T10:35:00Z,21164,,,,,,,,,,,,,,,,,,37,105,0,1040,2910,1040,,0,0,fae57a68065ed92db54cb586d5198dcbb6ba8b39,0,0,0,0,0,
20200328,NC,935,,,,totalTestsViral,18254,87,,,,,,,3/28/2020 10:55,2020-03-28T10:55:00Z,03/28 06:55,4,,,2020-03-28T10:55:00Z,18254,,,,,,,,,,,,,,,,,,37,172,0,935,2667,935,,1,0,301d06e9371862f9d8f44c379f5e2265095373d3,0,0,0,0,0,
20200327,NC,763,,,,totalTestsViral,15587,77,,,,,,,3/27/2020 11:40,2020-03-27T11:40:00Z,03/27 07:40,3,,,2020-03-27T11:40:00Z,15587,,,,,,,,,,,,,,,,,,37,127,0,763,2793,763,,1,0,0fea01b57d37414b30115813242b0521017de807,0,0,0,0,0,
20200326,NC,636,,,,totalTestsViral,12794,29,,,,,,,3/26/2020 12:36,2020-03-26T12:36:00Z,03/26 08:36,2,,,2020-03-26T12:36:00Z,12794,,,,,,,,,,,,,,,,,,37,132,0,636,2446,636,,1,0,5e4a2a20387bb97ba2b87c66a08d30576bcb6233,0,0,0,0,0,
20200325,NC,504,,,,totalTestsViral,10348,29,,,,,,,3/25/2020 16:30,2020-03-25T16:30:00Z,03/25 12:30,1,,,2020-03-25T16:30:00Z,10348,,,,,,,,,,,,,,,,,,37,106,0,504,529,504,,1,0,4c67b018642bd50cf5be4f244b2f8da8ee0e5966,0,0,0,0,0,
20200324,NC,398,,,,totalTestsViral,9819,,,,,,,,3/24/2020 09:45,2020-03-24T09:45:00Z,03/24 05:45,0,,,2020-03-24T09:45:00Z,9819,,,,,,,,,,,,,,,,,,37,101,0,398,2163,398,,0,0,2e9f37499c9c3c84efc94c11d2d56c92992b5e56,0,0,0,0,0,
20200323,NC,297,,,,totalTestsViral,7656,,,,,,,,3/23/2020 15:00,2020-03-23T15:00:00Z,03/23 11:00,0,,,2020-03-23T15:00:00Z,7656,,,,,,,,,,,,,,,,,,37,42,0,297,1389,297,,0,0,91976eec4351523ffe8d804e8da3178cb6695250,0,0,0,0,0,
20200322,NC,255,,,,totalTestsViral,6267,,,,,,,,3/22/2020 10:16,2020-03-22T10:16:00Z,03/22 06:16,0,,,2020-03-22T10:16:00Z,6267,,,,,,,,,,,,,,,,,,37,71,0,255,2192,255,,0,0,c38cbdb0c7dae9ba3725d27e88575aabad8672bd,0,0,0,0,0,
20200321,NC,184,,,,totalTestsViral,4075,,,,,,,,3/21/2020 10:30,2020-03-21T10:30:00Z,03/21 06:30,0,,,2020-03-21T10:30:00Z,4075,,,,,,,,,,,,,,,,,,37,47,0,184,943,184,,0,0,3a2ec08a8c7fea88625ce3ffbae7dc22128bf309,0,0,0,0,0,
20200320,NC,137,,,,totalTestsViral,3132,,,,,,,,3/20/2020 09:35,2020-03-20T09:35:00Z,03/20 05:35,0,,,2020-03-20T09:35:00Z,3132,,,,,,,,,,,,,,,,,,37,40,0,137,1696,137,,0,0,01428a752c6b96585b182eff1b8a88a98b08cf85,0,0,0,0,0,
20200319,NC,97,,,,totalTestsViral,1436,,,,,,,,3/19/2020 09:45,2020-03-19T09:45:00Z,03/19 05:45,0,,,2020-03-19T09:45:00Z,1436,,,,,,,,,,,,,,,,,,37,34,0,97,205,97,,0,0,7e614901ca0d983d2ebd47c98023a0f178d01661,0,0,0,0,0,
20200318,NC,63,,,,totalTestsViral,1231,,,,,,,,3/18/2020 10:44,2020-03-18T10:44:00Z,03/18 06:44,0,,,2020-03-18T10:44:00Z,1231,,,,,,,,,,,,,,,,,,37,23,0,63,295,63,,0,0,95147f087a9dc3b47f6a318964127db3b1415fdc,0,0,0,0,0,
20200317,NC,40,,,,totalTestsViral,936,,,,,,,,3/17/2020 08:51,2020-03-17T08:51:00Z,03/17 04:51,0,,,2020-03-17T08:51:00Z,936,,,,,,,,,,,,,,,,,,37,7,0,40,936,40,,0,0,feb9bcd3829008beaf79e0c7964e92d8ce0fc94d,0,0,0,0,0,
20200316,NC,33,,,151,totalTestsViral,,,,,,,,,3/16/2020 15:33,2020-03-16T15:33:00Z,03/16 11:33,0,,,2020-03-16T15:33:00Z,,,,,,,,,,,,,,,,,,,37,1,0,184,0,33,,0,0,b7185a68cebed65f1797c945bef5a463a1b0abdf,0,0,0,0,0,
20200315,NC,32,,,151,totalTestsViral,,,,,,,,,3/15/2020 10:30,2020-03-15T10:30:00Z,03/15 06:30,,,,2020-03-15T10:30:00Z,,,,,,,,,,,,,,,,,,,37,9,0,183,0,32,,0,0,62566015e427b867c7b57b58ad062d5e26f08e04,0,0,0,0,0,
20200314,NC,23,,,,totalTestsViral,,,,,,,,,3/14/2020 12:00,2020-03-14T12:00:00Z,03/14 08:00,,,,2020-03-14T12:00:00Z,,,,,,,,,,,,,,,,,,,37,8,0,23,0,23,,0,0,e3df66786befc773886e57773256bc84552dd095,0,0,0,0,0,
20200313,NC,15,,,,totalTestsViral,,,,,,,,,3/13/2020 08:45,2020-03-13T08:45:00Z,03/13 04:45,,,,2020-03-13T08:45:00Z,,,,,,,,,,,,,,,,,,,37,3,0,15,0,15,,0,0,2c62c4ffd78c7970a784271f4dc080472683b7e2,0,0,0,0,0,
20200312,NC,12,,,,totalTestsViral,,,,,,,,,3/12/2020 08:00,2020-03-12T08:00:00Z,03/12 04:00,,,,2020-03-12T08:00:00Z,,,,,,,,,,,,,,,,,,,37,5,0,12,0,12,,0,0,ee0f8bd86af39e67d66a8cda910c621e9719f778,0,0,0,0,0,
20200311,NC,7,,,,totalTestsViral,,,,,,,,,,,,,,,,,,,,,,,,,,,,,,,,,,37,0,0,7,0,7,,0,0,a82f8d8903c63ad13fdcdd5d22d137ddfaea9ebf,0,0,0,0,0,
20200310,NC,7,,,,totalTestsViral,,,,,,,,,,,,,,,,,,,,,,,,,,,,,,,,,,37,5,0,7,0,7,,0,0,c0e02b228c8f5c7cf58d83e796529b12d770bf47,0,0,0,0,0,
20200309,NC,2,,,,totalTestsViral,,,,,,,,,,,,,,,,,,,,,,,,,,,,,,,,,,37,0,0,2,0,2,,0,0,355b2d64f2e0e2e61bcef0170033e44e696be77c,0,0,0,0,0,
20200308,NC,2,,,,totalTestsViral,,,,,,,,,,,,,,,,,,,,,,,,,,,,,,,,,,37,0,0,2,0,2,,0,0,131b4ff788de1965e243d9819c78eec86f6890dc,0,0,0,0,0,
20200307,NC,2,,,,totalTestsViral,,,,,,,,,,,,,,,,,,,,,,,,,,,,,,,,,,37,0,0,2,0,2,,0,0,20b5b740bb015250292df77cf189ead80de16bc4,0,0,0,0,0,
20200306,NC,2,,,,totalTestsViral,,,,,,,,,,,,,,,,,,,,,,,,,,,,,,,,,,37,1,0,2,0,2,,0,0,a2d6aa96ae87ae004fc5ecd60959023073bb5de6,0,0,0,0,0,
20200305,NC,1,,,,totalTestsViral,,,,,,,,,,,,,,,,,,,,,,,,,,,,,,,,,,37,0,0,1,0,1,,0,0,98454f8d9816a213f296f25f44f70d808761b3a9,0,0,0,0,0,
20200304,NC,1,,,,totalTestsViral,,,,,,,,,,,,,,,,,,,,,,,,,,,,,,,,,,37,0,0,1,0,1,,0,0,e72208f5f35e2e6f7620478e8bead7608280f496,0,0,0,0,0,
